static const unsigned char data_favicon_ico[] = {
	/* /favicon.ico */
	0x2f, 0x66, 0x61, 0x76, 0x69, 0x63, 0x6f, 0x6e, 0x2e, 0x69, 0x63, 0x6f, 0,
	0x48, 0x54, 0x54, 0x50, 0x2f, 0x31, 0x2e, 0x30, 0x20, 0x32, 
	0x30, 0x30, 0x20, 0x4f, 0x4b, 0xd, 0xa, 0x53, 0x65, 0x72, 
	0x76, 0x65, 0x72, 0x3a, 0x20, 0x6c, 0x77, 0x49, 0x50, 0x2f, 
	0x70, 0x72, 0x65, 0x2d, 0x30, 0x2e, 0x36, 0x20, 0x28, 0x68, 
	0x74, 0x74, 0x70, 0x3a, 0x2f, 0x2f, 0x77, 0x77, 0x77, 0x2e, 
	0x73, 0x69, 0x63, 0x73, 0x2e, 0x73, 0x65, 0x2f, 0x7e, 0x61, 
	0x64, 0x61, 0x6d, 0x2f, 0x6c, 0x77, 0x69, 0x70, 0x2f, 0x29, 
	0xd, 0xa, 0x43, 0x6f, 0x6e, 0x74, 0x65, 0x6e, 0x74, 0x2d, 
	0x74, 0x79, 0x70, 0x65, 0x3a, 0x20, 0x74, 0x65, 0x78, 0x74, 
	0x2f, 0x70, 0x6c, 0x61, 0x69, 0x6e, 0xd, 0xa, 0xd, 0xa, 
	00, 00, 0x1, 00, 0x1, 00, 0x10, 0x10, 00, 00, 
	0x1, 00, 0x20, 00, 0x68, 0x4, 00, 00, 0x16, 00, 
	00, 00, 0x28, 00, 00, 00, 0x10, 00, 00, 00, 
	0x20, 00, 00, 00, 0x1, 00, 0x20, 00, 00, 00, 
	00, 00, 00, 0x4, 00, 00, 00, 00, 00, 00, 
	00, 00, 00, 00, 00, 00, 00, 00, 00, 00, 
	00, 00, 00, 00, 00, 00, 00, 00, 00, 00, 
	00, 00, 00, 00, 00, 00, 00, 00, 00, 00, 
	00, 00, 00, 00, 00, 00, 00, 00, 00, 00, 
	00, 00, 00, 00, 00, 00, 00, 00, 00, 00, 
	00, 00, 00, 00, 00, 00, 00, 00, 00, 00, 
	00, 00, 00, 00, 00, 00, 00, 00, 00, 00, 
	00, 00, 00, 00, 00, 00, 00, 00, 00, 00, 
	00, 00, 00, 00, 00, 00, 00, 00, 00, 00, 
	00, 00, 00, 00, 00, 00, 00, 00, 00, 00, 
	00, 00, 00, 00, 00, 00, 00, 00, 00, 00, 
	00, 00, 00, 00, 00, 00, 00, 00, 00, 00, 
	00, 00, 00, 00, 00, 00, 00, 00, 00, 00, 
	00, 00, 00, 00, 00, 00, 00, 00, 00, 00, 
	00, 00, 00, 00, 00, 00, 00, 00, 00, 00, 
	00, 00, 00, 00, 00, 00, 00, 00, 00, 00, 
	00, 00, 00, 00, 00, 00, 00, 00, 00, 00, 
	00, 00, 00, 0x3d, 0xff, 0xff, 00, 0x3d, 0xff, 0xff, 
	00, 00, 00, 00, 00, 00, 00, 00, 00, 00, 
	00, 00, 00, 00, 00, 00, 00, 00, 00, 00, 
	00, 00, 00, 00, 00, 00, 00, 00, 00, 00, 
	00, 00, 00, 00, 00, 00, 00, 00, 00, 00, 
	00, 00, 00, 00, 00, 00, 00, 00, 00, 00, 
	00, 00, 00, 0x1f, 0x80, 0x10, 00, 0x2c, 0xdd, 0xff, 
	00, 0x2c, 0xdd, 0xff, 00, 0x2c, 0xdd, 0xff, 00, 00, 
	00, 00, 00, 00, 00, 00, 00, 00, 00, 00, 
	00, 00, 00, 00, 00, 00, 00, 00, 00, 00, 
	00, 00, 00, 00, 00, 00, 00, 00, 00, 00, 
	00, 00, 00, 00, 00, 00, 00, 00, 00, 00, 
	00, 00, 00, 00, 00, 00, 0xb, 0x43, 0xfb, 0x91, 
	0xa, 0x34, 0xdb, 0xff, 00, 00, 00, 00, 00, 00, 
	00, 00, 00, 00, 00, 00, 00, 00, 00, 00, 
	00, 00, 00, 00, 00, 00, 00, 00, 00, 00, 
	00, 00, 00, 00, 00, 00, 00, 00, 00, 00, 
	00, 00, 00, 00, 00, 00, 00, 00, 00, 00, 
	00, 00, 0xa4, 0xaa, 0xbc, 0xff, 0xa4, 0xaa, 0xbc, 0xff, 
	0xa4, 0xaa, 0xbc, 0xff, 0xa4, 0xaa, 0xbc, 0xff, 0xa4, 0xaa, 
	0xbc, 0xff, 0xa4, 0xaa, 0xbc, 0xff, 0xa4, 0xaa, 0xbc, 0xff, 
	0xa4, 0xaa, 0xbc, 0xdd, 00, 00, 00, 00, 00, 00, 
	00, 00, 00, 00, 00, 00, 00, 00, 00, 00, 
	00, 00, 00, 00, 00, 00, 00, 00, 0x7f, 0x88, 
	0xa1, 0xff, 0x7f, 0x88, 0xa1, 0xff, 0x7f, 0x88, 0xa1, 0xff, 
	0x88, 0x90, 0xa7, 0xff, 0xa4, 0xa9, 0xbc, 0xff, 0xa4, 0xaa, 
	0xbc, 0xff, 0xa4, 0xaa, 0xbc, 0xff, 0xa4, 0xaa, 0xbc, 0xff, 
	0xa4, 0xaa, 0xbc, 0xff, 0x48, 0x55, 0x79, 0xff, 0x48, 0x55, 
	0x79, 0xff, 00, 00, 00, 00, 00, 00, 00, 00, 
	00, 00, 00, 00, 00, 00, 00, 00, 0x2e, 0x34, 
	0x4e, 0xf3, 0x2e, 0x34, 0x4e, 0xff, 0x7f, 0x88, 0xa1, 0xff, 
	0x7f, 0x88, 0xa1, 0xff, 0x7f, 0x88, 0xa1, 0xff, 0x7f, 0x88, 
	0xa1, 0xff, 0x7f, 0x88, 0xa1, 0xff, 0x7f, 0x88, 0xa1, 0xff, 
	0x7f, 0x88, 0xa1, 0xff, 0x48, 0x55, 0x79, 0xff, 0x48, 0x55, 
	0x79, 0xff, 0x48, 0x55, 0x79, 0xff, 00, 00, 00, 00, 
	00, 00, 00, 00, 00, 00, 00, 00, 00, 00, 
	00, 00, 00, 00, 00, 00, 0x2e, 0x34, 0x4e, 0xe8, 
	0x2e, 0x34, 0x4e, 0xff, 0x2e, 0x34, 0x4e, 0xff, 0x2e, 0x34, 
	0x4e, 0xff, 0x2e, 0x34, 0x4e, 0xff, 0x4a, 0x51, 0x6a, 0xff, 
	0x79, 0x81, 0x9b, 0xff, 0x7f, 0x88, 0xa1, 0xff, 0x48, 0x55, 
	0x79, 0xff, 0x48, 0x55, 0x79, 0xff, 0x48, 0x55, 0x79, 0xff, 
	00, 00, 00, 00, 00, 00, 00, 00, 00, 00, 
	00, 00, 00, 00, 00, 00, 00, 00, 00, 00, 
	00, 00, 00, 00, 00, 00, 00, 00, 00, 00, 
	00, 00, 00, 00, 00, 00, 0x2e, 0x34, 0x50, 0x93, 
	0x2e, 0x34, 0x4e, 0xff, 0x36, 0x3d, 0x55, 0xff, 0xb2, 0xb9, 
	0xc6, 0xff, 0x48, 0x55, 0x79, 0xff, 0x48, 0x55, 0x79, 0xff, 
	00, 00, 00, 00, 00, 00, 00, 00, 00, 00, 
	00, 00, 00, 00, 00, 00, 00, 00, 00, 00, 
	00, 00, 00, 00, 00, 00, 00, 00, 00, 00, 
	00, 00, 00, 00, 00, 00, 00, 00, 00, 00, 
	00, 00, 00, 00, 00, 00, 00, 00, 0x50, 0xaf, 
	0x4c, 0xff, 0x50, 0xaf, 0x4c, 0xff, 0xb1, 0xf4, 0xb4, 0x80, 
	00, 00, 00, 00, 00, 00, 00, 00, 00, 00, 
	00, 00, 00, 00, 00, 00, 00, 00, 00, 00, 
	00, 00, 00, 00, 00, 00, 00, 00, 00, 00, 
	00, 00, 00, 00, 00, 00, 00, 00, 00, 00, 
	00, 00, 00, 00, 00, 00, 00, 00, 00, 00, 
	00, 00, 0x50, 0xaf, 0x4c, 0xff, 0x50, 0xaf, 0x4c, 0xff, 
	0x50, 0xaf, 0x4c, 0xff, 0x2d, 0xc0, 0xfb, 0xff, 0x2d, 0xc0, 
	0xfb, 0xff, 00, 00, 00, 00, 00, 00, 00, 00, 
	00, 00, 00, 00, 00, 00, 00, 00, 00, 00, 
	00, 00, 00, 00, 00, 00, 00, 00, 00, 00, 
	00, 00, 00, 00, 00, 00, 00, 00, 00, 00, 
	00, 00, 00, 00, 00, 00, 0x50, 0xaf, 0x4c, 0xff, 
	0x50, 0xaf, 0x4c, 0xff, 0x40, 0x4d, 00, 0xff, 0x2d, 0xc1, 
	0xfb, 0x98, 00, 00, 00, 00, 00, 00, 00, 00, 
	00, 00, 00, 00, 00, 00, 00, 00, 00, 00, 
	00, 00, 00, 00, 00, 00, 00, 00, 00, 00, 
	00, 00, 00, 00, 00, 00, 00, 00, 00, 00, 
	00, 00, 00, 00, 00, 00, 00, 00, 00, 00, 
	00, 00, 00, 00, 0x50, 0xaf, 0x4c, 0xff, 0x50, 0xaf, 
	0x4c, 0xff, 00, 00, 00, 00, 00, 00, 00, 00, 
	00, 00, 00, 00, 00, 00, 00, 00, 00, 00, 
	00, 00, 00, 00, 00, 00, 00, 00, 00, 00, 
	00, 00, 00, 00, 00, 00, 00, 00, 00, 00, 
	00, 00, 00, 00, 00, 00, 00, 00, 00, 00, 
	00, 00, 00, 00, 00, 00, 00, 00, 00, 00, 
	00, 00, 00, 00, 00, 00, 00, 00, 00, 00, 
	00, 00, 00, 00, 00, 00, 00, 00, 00, 00, 
	00, 00, 00, 00, 00, 00, 00, 00, 00, 00, 
	00, 00, 00, 00, 00, 00, 00, 00, 00, 00, 
	00, 00, 00, 00, 00, 00, 00, 00, 00, 00, 
	00, 00, 00, 00, 00, 00, 00, 00, 00, 00, 
	00, 00, 00, 00, 00, 00, 00, 00, 00, 00, 
	00, 00, 00, 00, 00, 00, 00, 00, 00, 00, 
	00, 00, 00, 00, 00, 00, 0xff, 0xff, 00, 00, 
	0xff, 0xff, 00, 00, 0xff, 0x3f, 00, 00, 0xff, 0x1f, 
	00, 00, 0xfe, 0x7f, 00, 00, 0xf8, 0x7, 00, 00, 
	0xe0, 0x3, 00, 00, 0xc0, 0x3, 00, 00, 0xe0, 0x3, 
	00, 00, 0xfe, 0x7, 00, 00, 0xff, 0x8f, 00, 00, 
	0xff, 0x83, 00, 00, 0xff, 0x87, 00, 00, 0xff, 0xcf, 
	00, 00, 0xff, 0xff, 00, 00, 0xff, 0xff, 00, 00, 
};

static const unsigned char data_fonts_Minecraft_ttf[] = {
	/* /fonts/Minecraft.ttf */
	0x2f, 0x66, 0x6f, 0x6e, 0x74, 0x73, 0x2f, 0x4d, 0x69, 0x6e, 0x65, 0x63, 0x72, 0x61, 0x66, 0x74, 0x2e, 0x74, 0x74, 0x66, 0,
	0x48, 0x54, 0x54, 0x50, 0x2f, 0x31, 0x2e, 0x30, 0x20, 0x32, 
	0x30, 0x30, 0x20, 0x4f, 0x4b, 0xd, 0xa, 0x53, 0x65, 0x72, 
	0x76, 0x65, 0x72, 0x3a, 0x20, 0x6c, 0x77, 0x49, 0x50, 0x2f, 
	0x70, 0x72, 0x65, 0x2d, 0x30, 0x2e, 0x36, 0x20, 0x28, 0x68, 
	0x74, 0x74, 0x70, 0x3a, 0x2f, 0x2f, 0x77, 0x77, 0x77, 0x2e, 
	0x73, 0x69, 0x63, 0x73, 0x2e, 0x73, 0x65, 0x2f, 0x7e, 0x61, 
	0x64, 0x61, 0x6d, 0x2f, 0x6c, 0x77, 0x69, 0x70, 0x2f, 0x29, 
	0xd, 0xa, 0x43, 0x6f, 0x6e, 0x74, 0x65, 0x6e, 0x74, 0x2d, 
	0x74, 0x79, 0x70, 0x65, 0x3a, 0x20, 0x74, 0x65, 0x78, 0x74, 
	0x2f, 0x70, 0x6c, 0x61, 0x69, 0x6e, 0xd, 0xa, 0xd, 0xa, 
	00, 0x1, 00, 00, 00, 0xe, 00, 0x80, 00, 0x3, 
	00, 0x60, 0x46, 0x46, 0x54, 0x4d, 0x62, 0x36, 0x36, 0xb9, 
	00, 00, 0x38, 0x7c, 00, 00, 00, 0x1c, 0x47, 0x44, 
	0x45, 0x46, 00, 0xf, 00, 0x1e, 00, 00, 0x38, 0x5c, 
	00, 00, 00, 0x1e, 0x4f, 0x53, 0x2f, 0x32, 0x85, 0xf9, 
	0x72, 0x16, 00, 00, 0x1, 0x68, 00, 00, 00, 0x56, 
	0x63, 0x6d, 0x61, 0x70, 0xd4, 0x57, 0xed, 0x83, 00, 00, 
	0x3, 0x78, 00, 00, 0x1, 0x5a, 0x63, 0x76, 0x74, 0x20, 
	00, 0x22, 0x2, 0x88, 00, 00, 0x4, 0xd4, 00, 00, 
	00, 0x4, 0x67, 0x61, 0x73, 0x70, 0xff, 0xff, 00, 0x3, 
	00, 00, 0x38, 0x54, 00, 00, 00, 0x8, 0x67, 0x6c, 
	0x79, 0x66, 0x56, 0xa, 0x15, 0xd6, 00, 00, 0x5, 0xb8, 
	00, 00, 0x2f, 0xc0, 0x68, 0x65, 0x61, 0x64, 0x6, 0x1d, 
	0xf8, 0x2d, 00, 00, 00, 0xec, 00, 00, 00, 0x36, 
	0x68, 0x68, 0x65, 0x61, 0x6, 0xde, 0x3, 0x6f, 00, 00, 
	0x1, 0x24, 00, 00, 00, 0x24, 0x68, 0x6d, 0x74, 0x78, 
	0xf1, 0xcb, 0x2, 0xa2, 00, 00, 0x1, 0xc0, 00, 00, 
	0x1, 0xb8, 0x6c, 0x6f, 0x63, 0x61, 0x83, 0xf8, 0x77, 0xe2, 
	00, 00, 0x4, 0xd8, 00, 00, 00, 0xde, 0x6d, 0x61, 
	0x78, 0x70, 00, 0xc7, 00, 0xc3, 00, 00, 0x1, 0x48, 
	00, 00, 00, 0x20, 0x6e, 0x61, 0x6d, 0x65, 0x29, 0xc, 
	0xe9, 0x2, 00, 00, 0x35, 0x78, 00, 00, 0x1, 0xc8, 
	0x70, 0x6f, 0x73, 0x74, 0xd7, 0xce, 0x52, 0x43, 00, 00, 
	0x37, 0x40, 00, 00, 0x1, 0x13, 00, 0x1, 00, 00, 
	00, 0x1, 00, 00, 0x1e, 0xea, 0x2, 0xf5, 0x5f, 0xf, 
	0x3c, 0xf5, 00, 0xb, 0x4, 00, 00, 00, 00, 00, 
	0xd1, 0xbf, 0x5a, 0x98, 00, 00, 00, 00, 0xd1, 0xbf, 
	0x5a, 0x98, 00, 00, 0xff, 00, 0x3, 0x80, 0x3, 00, 
	00, 00, 00, 0x8, 00, 0x2, 00, 00, 00, 00, 
	00, 00, 00, 0x1, 00, 00, 0x3, 00, 0xff, 00, 
	00, 0x5c, 0x4, 00, 00, 00, 00, 00, 0x3, 0x80, 
	00, 0x1, 00, 00, 00, 00, 00, 00, 00, 00, 
	00, 00, 00, 00, 00, 00, 00, 0x6e, 00, 0x1, 
	00, 00, 00, 0x6e, 00, 0x92, 00, 0x17, 00, 00, 
	00, 00, 00, 0x2, 00, 00, 00, 0x1, 00, 0x1, 
	00, 00, 00, 0x40, 00, 0x2e, 00, 00, 00, 00, 
	00, 0x1, 0x1, 0xf4, 0x1, 0xf4, 00, 0x5, 00, 00, 
	0x2, 0x99, 0x2, 0xcc, 00, 00, 00, 0x8f, 0x2, 0x99, 
	0x2, 0xcc, 00, 00, 0x1, 0xeb, 00, 0x33, 0x1, 0x9, 
	00, 00, 0x2, 00, 0x6, 0x3, 00, 00, 00, 00, 
	00, 00, 00, 00, 00, 0x3, 00, 0x1, 00, 0x2, 
	00, 00, 00, 00, 00, 00, 00, 00, 0x32, 0x74, 
	0x74, 0x66, 00, 0x40, 00, 0x20, 0x30, 00, 0x3, 00, 
	0xff, 00, 00, 0x5c, 0x3, 00, 0x1, 00, 00, 00, 
	00, 0x1, 00, 00, 00, 00, 00, 00, 0x1, 0x76, 
	00, 0x22, 00, 00, 00, 00, 0x1, 0x55, 00, 00, 
	0x1, 0x40, 00, 00, 00, 0xc0, 00, 00, 0x2, 0x40, 
	00, 00, 0x2, 0xc0, 00, 00, 0x2, 0x40, 00, 00, 
	0x3, 0x80, 00, 0x40, 0x2, 0xc0, 00, 00, 00, 0xc0, 
	00, 00, 0x1, 0xc0, 00, 00, 0x1, 0xc0, 00, 00, 
	0x1, 0xc0, 00, 00, 0x2, 0x80, 00, 0x40, 00, 0xc0, 
	00, 00, 0x1, 0x80, 00, 00, 00, 0xc0, 00, 00, 
	0x2, 0x40, 00, 00, 0x2, 0x40, 00, 00, 0x1, 0xc0, 
	00, 00, 0x2, 0x40, 00, 00, 0x2, 0x40, 00, 00, 
	0x2, 0x80, 00, 00, 0x2, 0xc0, 00, 00, 0x2, 0x80, 
	00, 00, 0x2, 0x40, 00, 00, 0x2, 0x40, 00, 00, 
	0x2, 0x40, 00, 00, 0x1, 00, 00, 0x40, 0x1, 00, 
	00, 0x40, 0x1, 0xc0, 00, 00, 0x2, 0x40, 00, 00, 
	0x1, 0xc0, 00, 00, 0x2, 0x40, 00, 00, 0x3, 0xc0, 
	00, 00, 0x2, 0x80, 00, 00, 0x2, 0xc0, 00, 00, 
	0x3, 00, 00, 00, 0x2, 0xc0, 00, 00, 0x2, 0xc0, 
	00, 00, 0x2, 0x80, 00, 00, 0x3, 00, 00, 00, 
	0x2, 0xc0, 00, 00, 0x1, 0x80, 00, 0x40, 0x2, 00, 
	00, 00, 0x2, 0x80, 00, 00, 0x2, 0x80, 00, 00, 
	0x2, 0xc0, 00, 00, 0x2, 0xc0, 00, 00, 0x3, 0x40, 
	00, 00, 0x2, 0xc0, 00, 00, 0x3, 0x40, 00, 00, 
	0x3, 0x40, 00, 00, 0x2, 0x80, 00, 00, 0x2, 0xc0, 
	00, 00, 0x2, 0xc0, 00, 0x40, 0x2, 0xc0, 00, 00, 
	0x2, 0xc0, 00, 00, 0x2, 0xc0, 00, 00, 0x2, 0xc0, 
	00, 00, 0x2, 0xc0, 00, 00, 0x1, 0x40, 00, 00, 
	0x2, 0x40, 00, 00, 0x1, 0x40, 00, 00, 0x2, 0x40, 
	00, 00, 0x2, 0x80, 00, 00, 0x1, 0x40, 00, 0x40, 
	0x2, 0x80, 00, 00, 0x2, 0xc0, 00, 00, 0x2, 0x80, 
	00, 00, 0x2, 0x40, 00, 00, 0x2, 0x40, 00, 00, 
	0x2, 0x40, 00, 00, 0x2, 0x40, 00, 00, 0x2, 0x40, 
	00, 00, 00, 0xc0, 00, 00, 0x2, 00, 00, 00, 
	0x2, 0x40, 00, 00, 00, 0xc0, 00, 00, 0x3, 0xc0, 
	00, 00, 0x2, 0x80, 00, 00, 0x2, 0x40, 00, 00, 
	0x2, 0x80, 00, 00, 0x2, 0x40, 00, 00, 0x2, 00, 
	00, 00, 0x2, 00, 00, 00, 0x1, 0x80, 00, 00, 
	0x2, 0x40, 00, 00, 0x2, 0xc0, 00, 00, 0x3, 00, 
	00, 00, 0x2, 0xc0, 00, 00, 0x2, 0x40, 00, 00, 
	0x2, 0x40, 00, 00, 0x1, 0x80, 00, 00, 00, 0xc0, 
	00, 00, 0x1, 0x80, 00, 00, 0x2, 0xc0, 00, 00, 
	0x1, 0x40, 00, 00, 0x1, 0x80, 00, 0x40, 0x2, 0x40, 
	00, 00, 0x2, 0x40, 00, 00, 0x2, 0x80, 00, 00, 
	0x2, 0x80, 00, 00, 0x1, 00, 00, 0x40, 0x2, 0x40, 
	00, 0x40, 0x1, 0x80, 00, 00, 0x3, 0x40, 00, 00, 
	0x2, 0x80, 00, 00, 0x4, 00, 00, 00, 00, 00, 
	00, 0x3, 00, 00, 00, 0x3, 00, 00, 00, 0x1c, 
	00, 0x1, 00, 00, 00, 00, 00, 0x54, 00, 0x3, 
	00, 0x1, 00, 00, 00, 0x1c, 00, 0x4, 00, 0x38, 
	00, 00, 00, 0xa, 00, 0x8, 00, 0x2, 00, 0x2, 
	00, 0x7e, 00, 0xa9, 0x20, 0xac, 0x30, 00, 0xff, 0xff, 
	00, 00, 00, 0x20, 00, 0xa0, 0x20, 0xac, 0x30, 00, 
	0xff, 0xff, 0xff, 0xe3, 0xff, 0xc2, 0xdf, 0xc0, 0xd0, 0x6d, 
	00, 0x1, 00, 00, 00, 00, 00, 00, 00, 00, 
	00, 00, 00, 00, 0x1, 0x6, 00, 00, 0x1, 00, 
	00, 00, 00, 00, 00, 00, 0x1, 0x2, 00, 00, 
	00, 0x2, 00, 00, 00, 00, 00, 00, 00, 00, 
	00, 00, 00, 00, 00, 00, 00, 0x1, 00, 00, 
	0x3, 0x4, 0x5, 0x6, 0x7, 0x8, 0x9, 0xa, 0xb, 0xc, 
	0xd, 0xe, 0xf, 0x10, 0x11, 0x12, 0x13, 0x14, 0x15, 0x16, 
	0x17, 0x18, 0x19, 0x1a, 0x1b, 0x1c, 0x1d, 0x1e, 0x1f, 0x20, 
	0x21, 0x22, 0x23, 0x24, 0x25, 0x26, 0x27, 0x28, 0x29, 0x2a, 
	0x2b, 0x2c, 0x2d, 0x2e, 0x2f, 0x30, 0x31, 0x32, 0x33, 0x34, 
	0x35, 0x36, 0x37, 0x38, 0x39, 0x3a, 0x3b, 0x3c, 0x3d, 0x3e, 
	0x3f, 0x40, 0x41, 0x42, 0x43, 0x44, 0x45, 0x46, 0x47, 0x48, 
	0x49, 0x4a, 0x4b, 0x4c, 0x4d, 0x4e, 0x4f, 0x50, 0x51, 0x52, 
	0x53, 0x54, 0x55, 0x56, 0x57, 0x58, 0x59, 0x5a, 0x5b, 0x5c, 
	0x5d, 0x5e, 0x5f, 0x60, 0x61, 00, 00, 00, 00, 00, 
	00, 00, 00, 00, 00, 00, 00, 00, 00, 00, 
	00, 00, 00, 00, 00, 00, 00, 00, 00, 00, 
	00, 00, 00, 00, 00, 00, 00, 00, 00, 00, 
	0x64, 0x65, 0x69, 00, 00, 00, 00, 0x6b, 00, 00, 
	0x6a, 00, 00, 00, 00, 00, 00, 00, 0x67, 00, 
	00, 00, 00, 00, 00, 00, 00, 00, 00, 00, 
	00, 0x63, 00, 00, 00, 00, 00, 00, 00, 00, 
	0x62, 00, 00, 00, 00, 00, 00, 00, 00, 00, 
	00, 00, 00, 00, 00, 00, 00, 0x6c, 00, 00, 
	00, 00, 00, 00, 00, 00, 00, 00, 00, 00, 
	00, 00, 00, 00, 00, 00, 00, 00, 00, 00, 
	00, 00, 00, 00, 00, 00, 00, 00, 00, 00, 
	00, 00, 00, 00, 00, 00, 00, 0x22, 0x2, 0x88, 
	00, 00, 00, 0x2a, 00, 0x2a, 00, 0x2a, 00, 0x2a, 
	00, 0x4a, 00, 0x7c, 00, 0xca, 0x1, 0x14, 0x1, 0x92, 
	0x1, 0xf2, 0x2, 0x4, 0x2, 0x34, 0x2, 0x60, 0x2, 0x8e, 
	0x2, 0xb2, 0x2, 0xc8, 0x2, 0xdc, 0x2, 0xec, 0x3, 0x20, 
	0x3, 0x6a, 0x3, 0x92, 0x3, 0xe0, 0x4, 0x30, 0x4, 0x6e, 
	0x4, 0xb8, 0x5, 00, 0x5, 0x34, 0x5, 0x88, 0x5, 0xca, 
	0x5, 0xe4, 0x6, 0x4, 0x6, 0x36, 0x6, 0x5e, 0x6, 0x8e, 
	0x6, 0xd0, 0x7, 0x44, 0x7, 0x80, 0x7, 0xc6, 0x8, 0xa, 
	0x8, 0x42, 0x8, 0x78, 0x8, 0xa2, 0x8, 0xea, 0x9, 0x1e, 
	0x9, 0x42, 0x9, 0x6e, 0x9, 0xb6, 0x9, 0xda, 0xa, 0x1c, 
	0xa, 0x5e, 0xa, 0xa4, 0xa, 0xd8, 0xb, 0x24, 0xb, 0x72, 
	0xb, 0xb8, 0xb, 0xde, 0xc, 0x14, 0xc, 0x54, 0xc, 0x98, 
	0xc, 0xf8, 0xd, 0x34, 0xd, 0x7c, 0xd, 0xa2, 0xd, 0xdc, 
	0xe, 0x2, 0xe, 0x36, 0xe, 0x4c, 0xe, 0x64, 0xe, 0xa2, 
	0xe, 0xe2, 0xf, 0x22, 0xf, 0x56, 0xf, 0x92, 0xf, 0xbe, 
	0x10, 0x6, 0x10, 0x3e, 0x10, 0x5e, 0x10, 0x92, 0x10, 0xd8, 
	0x10, 0xf2, 0x11, 0x38, 0x11, 0x64, 0x11, 0x9c, 0x11, 0xdc, 
	0x12, 0x18, 0x12, 0x3e, 0x12, 0x7c, 0x12, 0xa6, 0x12, 0xd4, 
	0x13, 0xa, 0x13, 0x40, 0x13, 0x9c, 0x13, 0xd6, 0x14, 0x12, 
	0x14, 0x48, 0x14, 0x66, 0x14, 0x9a, 0x14, 0xc2, 0x14, 0xc2, 
	0x14, 0xe8, 0x15, 0x46, 0x15, 0x88, 0x15, 0xe2, 0x16, 0x3a, 
	0x16, 0x5e, 0x16, 0xd4, 0x16, 0xee, 0x17, 0x90, 0x17, 0xe0, 
	0x17, 0xe0, 00, 00, 00, 0x2, 00, 0x22, 00, 00, 
	0x1, 0x32, 0x2, 0xaa, 00, 0x3, 00, 0x7, 00, 0x2e, 
	0xb1, 0x1, 00, 0x2f, 0x3c, 0xb2, 0x7, 0x4, 00, 0xed, 
	0x32, 0xb1, 0x6, 0x5, 0xdc, 0x3c, 0xb2, 0x3, 0x2, 00, 
	0xed, 0x32, 00, 0xb1, 0x3, 00, 0x2f, 0x3c, 0xb2, 0x5, 
	0x4, 00, 0xed, 0x32, 0xb2, 0x7, 0x6, 0x1, 0xfc, 0x3c, 
	0xb2, 0x1, 0x2, 00, 0xed, 0x32, 0x33, 0x11, 0x21, 0x11, 
	0x27, 0x33, 0x11, 0x23, 0x22, 0x1, 0x10, 0xee, 0xcc, 0xcc, 
	0x2, 0xaa, 0xfd, 0x56, 0x22, 0x2, 0x66, 00, 00, 0x2, 
	00, 00, 00, 00, 00, 0x80, 0x3, 00, 00, 0x7, 
	00, 0x1d, 00, 00, 0x33, 0x23, 0x3d, 0x1, 0x3b, 0x1, 
	0x1d, 0x1, 0x27, 0x23, 0x3d, 0x8, 0x3b, 0x1, 0x1d, 0x8, 
	0x40, 0x40, 0x40, 0x40, 0x40, 0x40, 0x40, 0x40, 0x40, 0x40, 
	0x40, 0x40, 0xc0, 0x40, 0x40, 0x40, 0x40, 0x40, 0x40, 0x40, 
	0x40, 0x40, 0x40, 0x40, 0x40, 0x40, 0x40, 0x40, 0x40, 0x40, 
	0x40, 00, 00, 0x4, 00, 00, 0x1, 0x80, 0x2, 00, 
	0x3, 00, 00, 0x7, 00, 0xf, 00, 0x1b, 00, 0x27, 
	00, 00, 0x1, 0x23, 0x3d, 0x1, 0x3b, 0x1, 0x1d, 0x1, 
	0x21, 0x23, 0x3d, 0x1, 0x3b, 0x1, 0x1d, 0x1, 0x25, 0x3d, 
	0x3, 0x3b, 0x1, 0x1d, 0x3, 0x2b, 0x3, 0x3d, 0x3, 0x3b, 
	0x1, 0x1d, 0x2, 0x1, 0x40, 0x40, 0x40, 0x40, 0xfe, 0xc0, 
	0x40, 0x40, 0x40, 0x1, 00, 0x40, 0x40, 0x40, 0xc0, 0x40, 
	0x40, 0x40, 0x40, 0x1, 0x80, 0x40, 0x40, 0x40, 0x40, 0x40, 
	0x40, 0x40, 0x40, 0x80, 0x40, 0x40, 0x40, 0x40, 0x40, 0x40, 
	0x40, 0x40, 0x40, 0x40, 0x40, 0x40, 0x40, 0x40, 0x40, 00, 
	00, 00, 00, 0x2, 00, 00, 00, 00, 0x2, 0x80, 
	0x3, 00, 00, 0x3f, 00, 0x47, 00, 00, 0x21, 0x23, 
	0x3d, 0x2, 0x2b, 0x1, 0x1d, 0x2, 0x2b, 0x1, 0x3d, 0x2, 
	0x2b, 0x1, 0x3d, 0x1, 0x3b, 0x1, 0x3d, 0x1, 0x2b, 0x1, 
	0x3d, 0x1, 0x3b, 0x1, 0x3d, 0x2, 0x3b, 0x1, 0x1d, 0x2, 
	0x3b, 0x1, 0x3d, 0x2, 0x3b, 0x1, 0x1d, 0x2, 0x3b, 0x1, 
	0x1d, 0x1, 0x2b, 0x1, 0x1d, 0x1, 0x3b, 0x1, 0x1d, 0x1, 
	0x2b, 0x1, 0x1d, 0x2, 0x3, 0x33, 0x3d, 0x1, 0x2b, 0x1, 
	0x1d, 0x1, 0x1, 0xc0, 0x40, 0x40, 0x40, 0x40, 0x40, 0x40, 
	0x40, 0x40, 0x40, 0x40, 0x40, 0x40, 0x40, 0x40, 0x40, 0x40, 
	0x40, 0x40, 0x40, 0x40, 0x40, 0x40, 0x40, 0x40, 0x40, 0x40, 
	0x40, 0xc0, 0x40, 0x40, 0x40, 0x40, 0x40, 0x40, 0x40, 0x40, 
	0x40, 0x40, 0x40, 0x40, 0x40, 0x40, 0x40, 0x40, 0x40, 0x40, 
	0x40, 0x40, 0x40, 0x40, 0x40, 0x40, 0x40, 0x40, 0x40, 0x40, 
	0x40, 0x40, 0x40, 0x40, 0x40, 0x40, 0x40, 0x40, 0x40, 0x40, 
	0x40, 0x1, 0x40, 0x40, 0x40, 0x40, 0x40, 00, 00, 0x4, 
	00, 00, 0xff, 0x80, 0x2, 00, 0x3, 00, 00, 0x1b, 
	00, 0x23, 00, 0x2b, 00, 0x3f, 00, 00, 0x5, 0x23, 
	0x3d, 0x1, 0x2b, 0x3, 0x3d, 0x1, 0x3b, 0x3, 0x3d, 0x1, 
	0x3b, 0x1, 0x1d, 0x1, 0x3b, 0x1, 0x1d, 0x1, 0x2b, 0x1, 
	0x1d, 0x1, 0x3, 0x2b, 0x1, 0x3d, 0x1, 0x3b, 0x1, 0x15, 
	0x27, 0x2b, 0x1, 0x3d, 0x1, 0x3b, 0x1, 0x15, 0x25, 0x2b, 
	0x4, 0x3d, 0x1, 0x3b, 0x1, 0x3d, 0x1, 0x3b, 0x1, 0x1d, 
	0x1, 0x3b, 0x1, 0x1d, 0x1, 0x1, 0x40, 0x40, 0x40, 0x40, 
	0x40, 0x40, 0x40, 0x40, 0x40, 0x40, 0x40, 0x40, 0x40, 0x40, 
	0x40, 0x40, 0x80, 0x40, 0x40, 0x40, 0x40, 0x80, 0x40, 0x40, 
	0x40, 0x40, 0x1, 0x40, 0x40, 0x40, 0x40, 0x40, 0x40, 0x40, 
	0x40, 0x40, 0x40, 0x40, 0x40, 0x80, 0x40, 0x40, 0x40, 0x40, 
	0x40, 0x40, 0x40, 0x40, 0x40, 0x40, 0x40, 0x40, 0x1, 0x80, 
	0x40, 0x40, 0x40, 0x40, 0x40, 0x40, 0x40, 0x40, 0x40, 0x40, 
	0x40, 0x40, 0x40, 0x40, 0x40, 0x40, 00, 0x10, 00, 0x40, 
	00, 00, 0x3, 0x40, 0x3, 00, 00, 0x3, 00, 0x9, 
	00, 0x13, 00, 0x1d, 00, 0x23, 00, 0x27, 00, 0x2d, 
	00, 0x33, 00, 0x37, 00, 0x3d, 00, 0x43, 00, 0x4d, 
	00, 0x57, 00, 0x5b, 00, 0x61, 00, 0x67, 00, 00, 
	0x33, 0x35, 0x33, 0x15, 0x25, 0x33, 0x15, 0x2b, 0x1, 0x35, 
	0x33, 0x3d, 0x3, 0x33, 0x1d, 0x3, 0x2b, 0x1, 0x3d, 0x3, 
	0x33, 0x1d, 0x2, 0x5, 0x3d, 0x1, 0x33, 0x1d, 0x1, 0x3d, 
	0x1, 0x33, 0x15, 0x3d, 0x2, 0x33, 0x1d, 0x1, 0x25, 0x2b, 
	0x1, 0x35, 0x3b, 0x1, 0x21, 0x35, 0x33, 0x15, 0x25, 0x33, 
	0x15, 0x2b, 0x1, 0x35, 0x21, 0x3d, 0x1, 0x33, 0x1d, 0x1, 
	0x21, 0x3d, 0x3, 0x33, 0x1d, 0x3, 0x2b, 0x1, 0x3d, 0x3, 
	0x33, 0x1d, 0x2, 0x25, 0x35, 0x33, 0x15, 0x3d, 0x2, 0x33, 
	0x1d, 0x1, 0x25, 0x2b, 0x1, 0x35, 0x3b, 0x1, 0xc0, 0x40, 
	0x1, 0xc0, 0x40, 0x40, 0x40, 0x80, 0x40, 0xc0, 0x40, 0x40, 
	0xfe, 0x80, 0x40, 0x40, 0x40, 0x1, 0x40, 0x40, 0x40, 0x40, 
	0x40, 0xfe, 0xc0, 0x40, 0xfe, 0xc0, 0x40, 0x40, 0x40, 0x1, 
	0x80, 0x40, 0xfe, 0xc0, 0x40, 0xc0, 0x40, 0x40, 0x1, 0xc0, 
	0x40, 0x40, 0xfe, 0x40, 0x40, 0x40, 0x40, 0x40, 0x40, 0x40, 
	0x40, 0x40, 0x40, 0x40, 0x40, 0x40, 0x40, 0x40, 0x40, 0x40, 
	0x40, 0x40, 0x40, 0x40, 0x40, 0x40, 0x40, 0x40, 0x40, 0x40, 
	0x40, 0x40, 0x40, 0x80, 0x40, 0x40, 0x40, 0x40, 0x40, 0x40, 
	0x40, 0x40, 0x40, 0x40, 0x40, 0x40, 0x40, 0x40, 0x40, 0x40, 
	0x40, 0x40, 0x40, 0x40, 0x40, 0x40, 0x40, 0x40, 0x40, 0x40, 
	0x40, 0x40, 0x40, 0x40, 0x40, 0x40, 0x40, 0x40, 0x40, 0x40, 
	0x40, 0x40, 0x40, 0x40, 0x40, 0x40, 0x40, 00, 00, 0x8, 
	00, 00, 00, 00, 0x2, 0x80, 0x3, 00, 00, 0x7, 
	00, 0x13, 00, 0x1f, 00, 0x2b, 00, 0x33, 00, 0x43, 
	00, 0x4b, 00, 0x53, 00, 00, 0x21, 0x23, 0x3d, 0x1, 
	0x3b, 0x1, 0x1d, 0x1, 0x21, 0x2b, 0x2, 0x3d, 0x1, 0x3b, 
	0x3, 0x1d, 0x1, 0x37, 0x2b, 0x1, 0x3d, 0x3, 0x3b, 0x1, 
	0x1d, 0x2, 0x5, 0x2b, 0x1, 0x3d, 0x3, 0x3b, 0x1, 0x1d, 
	0x2, 0x25, 0x3d, 0x1, 0x3b, 0x1, 0x1d, 0x1, 0x2b, 0x5, 
	0x3d, 0x3, 0x3b, 0x1, 0x1d, 0x1, 0x3b, 0x1, 0x15, 0x37, 
	0x2b, 0x1, 0x3d, 0x1, 0x3b, 0x1, 0x15, 0x27, 0x2b, 0x1, 
	0x3d, 0x1, 0x3b, 0x1, 0x15, 0x2, 0x40, 0x40, 0x40, 0x40, 
	0xfe, 0xc0, 0x40, 0x40, 0x40, 0x40, 0x40, 0x40, 0x40, 0x80, 
	0x40, 0x40, 0x40, 0x40, 0xfe, 0x80, 0x40, 0x40, 0x40, 0x40, 
	0x1, 0x80, 0x40, 0x40, 0x40, 0xc0, 0x40, 0x40, 0x40, 0x40, 
	0x40, 0x40, 0x40, 0x40, 0x80, 0x40, 0x40, 0x40, 0x40, 0x80, 
	0x40, 0x40, 0x40, 0x40, 0x40, 0x40, 0x40, 0x40, 0x40, 0x40, 
	0x40, 0x40, 0x80, 0x40, 0x40, 0x40, 0x40, 0x40, 0x40, 0x40, 
	0x40, 0x40, 0x40, 0x40, 0x40, 0x40, 0x40, 0x40, 0xc0, 0x40, 
	0x40, 0x40, 0x40, 0x40, 0x40, 0x40, 0x40, 0x40, 0x40, 0x40, 
	0x40, 0x40, 0x40, 0x40, 0x40, 0x40, 0x40, 0x40, 00, 00, 
	00, 0x1, 00, 00, 0x2, 00, 00, 0x80, 0x3, 00, 
	00, 0xb, 00, 00, 0x13, 0x23, 0x3d, 0x3, 0x3b, 0x1, 
	0x1d, 0x3, 0x40, 0x40, 0x40, 0x40, 0x2, 00, 0x40, 0x40, 
	0x40, 0x40, 0x40, 0x40, 0x40, 0x40, 00, 0x3, 00, 00, 
	00, 00, 0x1, 0x80, 0x3, 00, 00, 0xb, 00, 0x1f, 
	00, 0x2b, 00, 00, 0x21, 0x2b, 0x2, 0x3d, 0x1, 0x3b, 
	0x3, 0x1d, 0x1, 0x25, 0x2b, 0x1, 0x3d, 0x7, 0x3b, 0x1, 
	0x1d, 0x6, 0x13, 0x2b, 0x2, 0x3d, 0x1, 0x3b, 0x3, 0x1d, 
	0x1, 0x1, 0x40, 0x40, 0x40, 0x40, 0x40, 0x40, 0x40, 0x40, 
	0xff, 00, 0x40, 0x40, 0x40, 0x40, 0xc0, 0x40, 0x40, 0x40, 
	0x40, 0x40, 0x40, 0x40, 0x40, 0x40, 0x40, 0x40, 0x80, 0x40, 
	0x40, 0x40, 0x40, 0x40, 0x40, 0x40, 0x40, 0x40, 0x40, 0x40, 
	0x40, 0x40, 0x40, 0x40, 0x1, 0xc0, 0x40, 0x40, 0x40, 0x40, 
	00, 00, 00, 0x3, 00, 00, 00, 00, 0x1, 0x80, 
	0x3, 00, 00, 0xb, 00, 0x1f, 00, 0x2b, 00, 00, 
	0x33, 0x2b, 0x2, 0x3d, 0x1, 0x3b, 0x3, 0x1d, 0x1, 0x3d, 
	0x8, 0x3b, 0x1, 0x1d, 0x7, 0x23, 0x3, 0x2b, 0x3, 0x3d, 
	0x1, 0x3b, 0x3, 0x15, 0xc0, 0x40, 0x40, 0x40, 0x40, 0x40, 
	0x40, 0x40, 0x40, 0x40, 0x40, 0x40, 0x40, 0x40, 0x40, 0x40, 
	0x40, 0x40, 0x40, 0x40, 0x40, 0x40, 0x40, 0x40, 0x80, 0x40, 
	0x40, 0x40, 0x40, 0x40, 0x40, 0x40, 0x40, 0x40, 0x40, 0x40, 
	0x40, 0x40, 0x40, 0x40, 0x40, 0x2, 00, 0x40, 0x40, 0x40, 
	00, 0x1, 00, 00, 0x1, 0x80, 0x1, 0x80, 0x3, 00, 
	00, 0x23, 00, 00, 0x1, 0x23, 0x3d, 0x1, 0x2b, 0x1, 
	0x1d, 0x1, 0x2b, 0x1, 0x3d, 0x1, 0x33, 0x3d, 0x1, 0x23, 
	0x3d, 0x1, 0x3b, 0x1, 0x1d, 0x1, 0x3b, 0x1, 0x3d, 0x1, 
	0x3b, 0x1, 0x1d, 0x1, 0x23, 0x1d, 0x1, 0x33, 0x1d, 0x1, 
	0x1, 0x40, 0x40, 0x40, 0x40, 0x40, 0x40, 0x40, 0x40, 0x40, 
	0x40, 0x40, 0x40, 0x40, 0x40, 0x40, 0x40, 0x1, 0x80, 0x40, 
	0x40, 0x40, 0x40, 0x40, 0x40, 0x40, 0x40, 0x40, 0x40, 0x40, 
	0x40, 0x40, 0x40, 0x40, 0x40, 0x40, 0x40, 0x40, 0x40, 00, 
	00, 00, 00, 0x1, 00, 0x40, 00, 0x80, 0x2, 0x40, 
	0x2, 0x80, 00, 0x1f, 00, 00, 0x25, 0x23, 0x3d, 0x2, 
	0x2b, 0x2, 0x3d, 0x1, 0x3b, 0x2, 0x3d, 0x2, 0x3b, 0x1, 
	0x1d, 0x2, 0x3b, 0x2, 0x1d, 0x1, 0x2b, 0x2, 0x1d, 0x2, 
	0x1, 0x40, 0x40, 0x40, 0x40, 0x40, 0x40, 0x40, 0x40, 0x40, 
	0x40, 0x40, 0x40, 0x40, 0x40, 0x40, 0x40, 0x80, 0x40, 0x40, 
	0x40, 0x40, 0x40, 0x40, 0x40, 0x40, 0x40, 0x40, 0x40, 0x40, 
	0x40, 0x40, 0x40, 0x40, 00, 0x2, 00, 00, 0xff, 0x80, 
	00, 0x80, 00, 0x80, 00, 0x3, 00, 0xd, 00, 00, 
	0x15, 0x35, 0x33, 0x15, 0x3d, 0x1, 0x23, 0x3d, 0x1, 0x3b, 
	0x1, 0x1d, 0x2, 0x40, 0x40, 0x40, 0x40, 0x80, 0x40, 0x40, 
	0x40, 0x40, 0x40, 0x40, 0x40, 0x40, 0x40, 00, 00, 0x1, 
	00, 00, 00, 0xc0, 0x1, 0x40, 0x1, 0x40, 00, 0xd, 
	00, 00, 0x25, 0x2b, 0x3, 0x3d, 0x1, 0x3b, 0x4, 0x1d, 
	0x1, 0x1, 00, 0x40, 0x40, 0x40, 0x40, 0x40, 0x40, 0x40, 
	0x40, 0x40, 0xc0, 0x40, 0x40, 0x40, 0x40, 00, 00, 0x1, 
	00, 00, 00, 00, 00, 0x80, 00, 0x80, 00, 0x7, 
	00, 00, 0x33, 0x23, 0x3d, 0x1, 0x3b, 0x1, 0x1d, 0x1, 
	0x40, 0x40, 0x40, 0x40, 0x40, 0x40, 0x40, 0x40, 00, 00, 
	00, 0x8, 00, 00, 00, 00, 0x2, 00, 0x3, 00, 
	00, 0x3, 00, 0x9, 00, 0xd, 00, 0x13, 00, 0x17, 
	00, 0x1d, 00, 0x21, 00, 0x27, 00, 00, 0x31, 0x35, 
	0x33, 0x15, 0x3d, 0x2, 0x33, 0x1d, 0x1, 0x3d, 0x1, 0x33, 
	0x15, 0x3d, 0x2, 0x33, 0x1d, 0x1, 0x3d, 0x1, 0x33, 0x15, 
	0x3d, 0x2, 0x33, 0x1d, 0x1, 0x3d, 0x1, 0x33, 0x15, 0x3d, 
	0x2, 0x33, 0x1d, 0x1, 0x40, 0x40, 0x40, 0x40, 0x40, 0x40, 
	0x40, 0x40, 0x40, 0x40, 0x40, 0x40, 0x40, 0x40, 0x40, 0x80, 
	0x40, 0x40, 0x40, 0x40, 0x40, 0x40, 0x40, 0x80, 0x40, 0x40, 
	0x40, 0x40, 0x40, 0x40, 0x40, 0x80, 0x40, 0x40, 0x40, 0x40, 
	0x40, 0x40, 0x40, 00, 00, 0x3, 00, 00, 00, 00, 
	0x2, 00, 0x3, 00, 00, 0xb, 00, 0x3f, 00, 0x4b, 
	00, 00, 0x21, 0x2b, 0x2, 0x3d, 0x1, 0x3b, 0x3, 0x1d, 
	0x1, 0x3d, 0x5, 0x23, 0x1d, 0x1, 0x2b, 0x1, 0x1d, 0x1, 
	0x23, 0x15, 0x2b, 0x1, 0x3d, 0x7, 0x3b, 0x1, 0x1d, 0x4, 
	0x33, 0x3d, 0x1, 0x3b, 0x1, 0x3d, 0x1, 0x33, 0x35, 0x3b, 
	0x1, 0x1d, 0x7, 0x23, 0x3, 0x2b, 0x3, 0x3d, 0x1, 0x3b, 
	0x3, 0x15, 0x1, 0x40, 0x40, 0x40, 0x40, 0x40, 0x40, 0x40, 
	0x40, 0x40, 0x40, 0x40, 0x40, 0x40, 0x40, 0x40, 0x40, 0x40, 
	0x40, 0x40, 0x40, 0x40, 0x40, 0x40, 0x40, 0x40, 0x40, 0x40, 
	0x40, 0x40, 0x40, 0x40, 0x40, 0x40, 0x40, 0x40, 0x40, 0x80, 
	0x40, 0x40, 0x40, 0x40, 0x40, 0x40, 0x40, 0x40, 0x40, 0x40, 
	0x40, 0x40, 0x40, 0x40, 0x40, 0x40, 0x40, 0x40, 0x40, 0x40, 
	0x40, 0x40, 0x40, 0x40, 0x40, 0x40, 0x40, 0x40, 0x40, 0x40, 
	0x40, 0x40, 0x40, 0x40, 0x40, 0x40, 0x2, 00, 0x40, 0x40, 
	0x40, 00, 00, 0x1, 00, 00, 00, 00, 0x1, 0x80, 
	0x3, 00, 00, 0x27, 00, 00, 0x21, 0x2b, 0x4, 0x3d, 
	0x1, 0x3b, 0x1, 0x3d, 0x5, 0x2b, 0x1, 0x3d, 0x1, 0x3b, 
	0x1, 0x3d, 0x1, 0x3b, 0x1, 0x1d, 0x9, 0x3b, 0x1, 0x1d, 
	0x1, 0x1, 0x40, 0x40, 0x40, 0x40, 0x40, 0x40, 0x40, 0x40, 
	0x40, 0x40, 0x40, 0x40, 0x40, 0x40, 0x40, 0x40, 0x40, 0x40, 
	0x40, 0x40, 0x40, 0x40, 0x40, 0x40, 0x40, 0x40, 0x40, 0x40, 
	0x40, 0x40, 0x40, 0x40, 0x40, 0x40, 0x40, 0x40, 0x40, 0x40, 
	0x40, 0x40, 00, 0x6, 00, 00, 00, 00, 0x2, 00, 
	0x3, 00, 00, 0x17, 00, 0x1f, 00, 0x27, 00, 0x2f, 
	00, 0x37, 00, 0x43, 00, 00, 0x21, 0x2b, 0x6, 0x3d, 
	0x3, 0x3b, 0x1, 0x1d, 0x1, 0x3b, 0x5, 0x1d, 0x1, 0x1, 
	0x3d, 0x1, 0x3b, 0x1, 0x1d, 0x1, 0x23, 0x37, 0x3d, 0x1, 
	0x3b, 0x1, 0x1d, 0x1, 0x23, 0x37, 0x3d, 0x1, 0x3b, 0x1, 
	0x1d, 0x1, 0x23, 0x21, 0x23, 0x3d, 0x1, 0x3b, 0x1, 0x1d, 
	0x1, 0x25, 0x2b, 0x3, 0x3d, 0x1, 0x3b, 0x3, 0x15, 0x1, 
	0xc0, 0x40, 0x40, 0x40, 0x40, 0x40, 0x40, 0x40, 0x40, 0x40, 
	0x40, 0x40, 0x40, 0x40, 0x40, 0x40, 0xfe, 0x80, 0x40, 0x40, 
	0x40, 0x40, 0x40, 0x40, 0x40, 0x40, 0x40, 0x40, 0x40, 0xfe, 
	0x80, 0x40, 0x40, 0x40, 0x1, 00, 0x40, 0x40, 0x40, 0x40, 
	0x40, 0x40, 0x40, 0x40, 0x40, 0x40, 0x40, 0x40, 0x40, 0x40, 
	0x40, 0x40, 0x1, 00, 0x40, 0x40, 0x40, 0x40, 0x80, 0x40, 
	0x40, 0x40, 0x40, 0x80, 0x40, 0x40, 0x40, 0x40, 0x40, 0x40, 
	0x40, 0x40, 0x80, 0x40, 0x40, 0x40, 00, 00, 00, 0x7, 
	00, 00, 00, 00, 0x2, 00, 0x3, 00, 00, 0xb, 
	00, 0x15, 00, 0x1d, 00, 0x25, 00, 0x2f, 00, 0x37, 
	00, 0x43, 00, 00, 0x21, 0x2b, 0x2, 0x3d, 0x1, 0x3b, 
	0x3, 0x1d, 0x1, 0x3d, 0x3, 0x3b, 0x1, 0x1d, 0x2, 0x23, 
	0x21, 0x2b, 0x1, 0x3d, 0x1, 0x3b, 0x1, 0x15, 0x25, 0x2b, 
	0x1, 0x3d, 0x1, 0x3b, 0x1, 0x15, 0x3d, 0x3, 0x3b, 0x1, 
	0x1d, 0x2, 0x23, 0x25, 0x23, 0x3d, 0x1, 0x3b, 0x1, 0x1d, 
	0x1, 0x25, 0x2b, 0x3, 0x3d, 0x1, 0x3b, 0x3, 0x15, 0x1, 
	0x40, 0x40, 0x40, 0x40, 0x40, 0x40, 0x40, 0x40, 0x40, 0x40, 
	0x40, 0xfe, 0xc0, 0x40, 0x40, 0x40, 0x40, 0x1, 00, 0x40, 
	0x40, 0x40, 0x40, 0x40, 0x40, 0x40, 0xfe, 0x80, 0x40, 0x40, 
	0x40, 0x1, 00, 0x40, 0x40, 0x40, 0x40, 0x40, 0x40, 0x40, 
	0x40, 0x40, 0x40, 0x40, 0x40, 0x80, 0x40, 0x40, 0x40, 0x40, 
	0x40, 0x40, 0x40, 0x40, 0x40, 0x80, 0x40, 0x40, 0x40, 0x40, 
	0x40, 0x40, 0x40, 0x40, 0x40, 0x40, 0x40, 0x40, 0x40, 0x40, 
	0x40, 0x80, 0x40, 0x40, 0x40, 00, 00, 00, 00, 0x2, 
	00, 00, 00, 00, 0x2, 0x40, 0x3, 00, 00, 0x29, 
	00, 0x39, 00, 00, 0x21, 0x23, 0x3d, 0x1, 0x2b, 0x5, 
	0x3d, 0x3, 0x3b, 0x1, 0x3d, 0x1, 0x3b, 0x1, 0x3d, 0x1, 
	0x3b, 0x1, 0x3d, 0x1, 0x3b, 0x1, 0x1d, 0x7, 0x33, 0x1d, 
	0x1, 0x23, 0x1d, 0x1, 0x3, 0x33, 0x3d, 0x3, 0x2b, 0x1, 
	0x1d, 0x1, 0x2b, 0x1, 0x1d, 0x1, 0x3b, 0x1, 0x1, 0xc0, 
	0x40, 0x40, 0x40, 0x40, 0x40, 0x40, 0x40, 0x40, 0x40, 0x40, 
	0x40, 0x40, 0x40, 0x40, 0x40, 0x40, 0x40, 0xc0, 0x40, 0x40, 
	0x40, 0x40, 0x40, 0x40, 0x40, 0x40, 0x40, 0x40, 0x40, 0x40, 
	0x40, 0x40, 0x40, 0x40, 0x40, 0x40, 0x40, 0x40, 0x40, 0x40, 
	0x40, 0x40, 0x40, 0x40, 0x40, 0x40, 0x40, 0x40, 0x40, 0x1, 
	00, 0x40, 0x40, 0x40, 0x40, 0x40, 0x40, 0x40, 0x40, 00, 
	00, 00, 00, 0x5, 00, 00, 00, 00, 0x2, 0x80, 
	0x3, 00, 00, 0x11, 00, 0x19, 00, 0x1f, 00, 0x2f, 
	00, 0x4b, 00, 00, 0x21, 0x2b, 0x5, 0x3d, 0x1, 0x3b, 
	0x6, 0x1d, 0x1, 0x3d, 0x2, 0x3b, 0x1, 0x1d, 0x1, 0x23, 
	0x21, 0x23, 0x3d, 0x1, 0x33, 0x15, 0x25, 0x2b, 0x5, 0x3d, 
	0x1, 0x3b, 0x5, 0x15, 0x25, 0x2b, 0x1, 0x3d, 0x5, 0x3b, 
	0x7, 0x1d, 0x1, 0x2b, 0x5, 0x1d, 0x2, 0x1, 0xc0, 0x40, 
	0x40, 0x40, 0x40, 0x40, 0x40, 0x40, 0x40, 0x40, 0x40, 0x40, 
	0x40, 0x40, 0x40, 0x40, 0x40, 0xfe, 00, 0x40, 0x40, 0x1, 
	0xc0, 0x40, 0x40, 0x40, 0x40, 0x40, 0x40, 0x40, 0x40, 0x40, 
	0x40, 0x40, 0x40, 0xfe, 0x80, 0x40, 0x40, 0x40, 0x40, 0x40, 
	0x40, 0x40, 0x40, 0x40, 0x40, 0x40, 0x40, 0x40, 0x40, 0x40, 
	0x40, 0x40, 0x40, 0x40, 0x40, 0x80, 0x40, 0x40, 0x40, 0x40, 
	0x40, 0x40, 0x40, 0x40, 0x40, 0x40, 0x40, 0x40, 0x40, 0x40, 
	0x40, 0x40, 0x40, 0x40, 0x40, 0x40, 0x40, 0x40, 0x40, 00, 
	00, 0x5, 00, 00, 00, 00, 0x2, 0x40, 0x3, 00, 
	00, 0xd, 00, 0x15, 00, 0x2f, 00, 0x37, 00, 0x43, 
	00, 00, 0x21, 0x2b, 0x3, 0x3d, 0x1, 0x3b, 0x4, 0x1d, 
	0x1, 0x3d, 0x2, 0x3b, 0x1, 0x1d, 0x1, 0x23, 0x21, 0x2b, 
	0x1, 0x3d, 0x5, 0x3b, 0x1, 0x1d, 0x1, 0x3b, 0x4, 0x1d, 
	0x1, 0x2b, 0x4, 0x15, 0x11, 0x3d, 0x1, 0x3b, 0x1, 0x1d, 
	0x1, 0x23, 0x25, 0x2b, 0x2, 0x3d, 0x1, 0x3b, 0x3, 0x1d, 
	0x1, 0x1, 0x80, 0x40, 0x40, 0x40, 0x40, 0x40, 0x40, 0x40, 
	0x40, 0x40, 0x40, 0x40, 0x40, 0xfe, 0x80, 0x40, 0x40, 0x40, 
	0x40, 0x40, 0x40, 0x40, 0x40, 0x40, 0x40, 0x40, 0x40, 0x40, 
	0x40, 0x40, 0x40, 0x40, 0x1, 00, 0x40, 0x40, 0x40, 0x40, 
	0x40, 0x40, 0x40, 0x40, 0x40, 0x40, 0x40, 0x80, 0x40, 0x40, 
	0x40, 0x40, 0x40, 0x40, 0x40, 0x40, 0x40, 0x40, 0x40, 0x40, 
	0x40, 0x40, 0x40, 0x1, 0x40, 0x40, 0x40, 0x40, 0x40, 0x80, 
	0x40, 0x40, 0x40, 0x40, 00, 0x3, 00, 00, 00, 00, 
	0x2, 00, 0x3, 00, 00, 0xf, 00, 0x17, 00, 0x33, 
	00, 00, 0x33, 0x23, 0x3d, 0x5, 0x3b, 0x1, 0x1d, 0x5, 
	0x11, 0x3d, 0x1, 0x3b, 0x1, 0x1d, 0x1, 0x23, 0x37, 0x3d, 
	0x1, 0x2b, 0x3, 0x1d, 0x1, 0x2b, 0x1, 0x3d, 0x3, 0x3b, 
	0x7, 0x1d, 0x3, 0x23, 0xc0, 0x40, 0x40, 0x40, 0x40, 0x40, 
	0x40, 0x40, 0x40, 0x40, 0x40, 0x40, 0x40, 0x40, 0x40, 0x40, 
	0x40, 0x40, 0x40, 0x40, 0x40, 0x40, 0x40, 0x40, 0x40, 0x40, 
	0x40, 0x40, 0x40, 0x40, 0x40, 0x40, 0x40, 0x40, 0x40, 0x1, 
	0x80, 0x40, 0x40, 0x40, 0x40, 0x80, 0x40, 0x40, 0x40, 0x40, 
	0x40, 0x40, 0x40, 0x40, 0x40, 0x40, 0x40, 0x40, 00, 0x7, 
	00, 00, 00, 00, 0x2, 00, 0x3, 00, 00, 0xb, 
	00, 0x15, 00, 0x1f, 00, 0x2b, 00, 0x35, 00, 0x3f, 
	00, 0x4b, 00, 00, 0x21, 0x2b, 0x2, 0x3d, 0x1, 0x3b, 
	0x3, 0x1d, 0x1, 0x3d, 0x3, 0x3b, 0x1, 0x1d, 0x2, 0x23, 
	0x21, 0x2b, 0x1, 0x3d, 0x2, 0x3b, 0x1, 0x1d, 0x1, 0x25, 
	0x2b, 0x3, 0x3d, 0x1, 0x3b, 0x3, 0x15, 0x3d, 0x3, 0x3b, 
	0x1, 0x1d, 0x2, 0x23, 0x21, 0x2b, 0x1, 0x3d, 0x2, 0x3b, 
	0x1, 0x1d, 0x1, 0x25, 0x2b, 0x3, 0x3d, 0x1, 0x3b, 0x3, 
	0x15, 0x1, 0x40, 0x40, 0x40, 0x40, 0x40, 0x40, 0x40, 0x40, 
	0x40, 0x40, 0x40, 0xfe, 0xc0, 0x40, 0x40, 0x40, 0x40, 0x1, 
	00, 0x40, 0x40, 0x40, 0x40, 0x40, 0x40, 0x40, 0x40, 0x40, 
	0x40, 0x40, 0xfe, 0xc0, 0x40, 0x40, 0x40, 0x40, 0x1, 00, 
	0x40, 0x40, 0x40, 0x40, 0x40, 0x40, 0x40, 0x40, 0x40, 0x40, 
	0x40, 0x40, 0x80, 0x40, 0x40, 0x40, 0x40, 0x40, 0x40, 0x40, 
	0x40, 0x40, 0x40, 0x40, 0x80, 0x40, 0x40, 0x40, 0x40, 0x40, 
	0x40, 0x40, 0x40, 0x40, 0x40, 0x40, 0x40, 0x40, 0x40, 0x40, 
	0x80, 0x40, 0x40, 0x40, 00, 00, 00, 0x4, 00, 00, 
	00, 00, 0x2, 00, 0x3, 00, 00, 0xb, 00, 0x27, 
	00, 0x33, 00, 0x3f, 00, 00, 0x21, 0x2b, 0x2, 0x3d, 
	0x1, 0x3b, 0x3, 0x1d, 0x1, 0x3d, 0x2, 0x2b, 0x3, 0x3d, 
	0x1, 0x3b, 0x3, 0x3d, 0x3, 0x3b, 0x1, 0x1d, 0x7, 0x23, 
	0x1, 0x2b, 0x1, 0x3d, 0x3, 0x3b, 0x1, 0x1d, 0x2, 0x25, 
	0x2b, 0x3, 0x3d, 0x1, 0x3b, 0x3, 0x15, 0x1, 0x40, 0x40, 
	0x40, 0x40, 0x40, 0x40, 0x40, 0x40, 0x40, 0x40, 0x40, 0x40, 
	0x40, 0x40, 0x40, 0x40, 0x40, 0x40, 0x40, 0xfe, 0xc0, 0x40, 
	0x40, 0x40, 0x40, 0x1, 00, 0x40, 0x40, 0x40, 0x40, 0x40, 
	0x40, 0x40, 0x40, 0x40, 0x40, 0x40, 0x40, 0x80, 0x40, 0x40, 
	0x40, 0x40, 0x40, 0x40, 0x40, 0x40, 0x40, 0x40, 0x40, 0x40, 
	0x40, 0x40, 0x40, 0x40, 0x1, 00, 0x40, 0x40, 0x40, 0x40, 
	0x40, 0x40, 0x40, 0xc0, 0x40, 0x40, 0x40, 00, 00, 0x2, 
	00, 0x40, 00, 00, 00, 0xc0, 0x2, 0x40, 00, 0x7, 
	00, 0xf, 00, 00, 0x33, 0x23, 0x3d, 0x1, 0x3b, 0x1, 
	0x1d, 0x1, 0x3, 0x23, 0x3d, 0x1, 0x3b, 0x1, 0x1d, 0x1, 
	0x80, 0x40, 0x40, 0x40, 0x40, 0x40, 0x40, 0x40, 0x40, 0x40, 
	0x40, 0x40, 0x1, 0xc0, 0x40, 0x40, 0x40, 0x40, 00, 00, 
	00, 0x3, 00, 0x40, 0xff, 0x80, 00, 0xc0, 0x2, 0x40, 
	00, 0x3, 00, 0xd, 00, 0x15, 00, 00, 0x17, 0x35, 
	0x33, 0x15, 0x3d, 0x1, 0x23, 0x3d, 0x1, 0x3b, 0x1, 0x1d, 
	0x2, 0x3, 0x23, 0x3d, 0x1, 0x3b, 0x1, 0x1d, 0x1, 0x40, 
	0x40, 0x40, 0x40, 0x40, 0x40, 0x40, 0x40, 0x40, 0x80, 0x40, 
	0x40, 0x40, 0x40, 0x40, 0x40, 0x40, 0x40, 0x40, 0x2, 00, 
	0x40, 0x40, 0x40, 0x40, 00, 0x5, 00, 00, 00, 0x80, 
	0x1, 0x80, 0x2, 0x80, 00, 0x7, 00, 0xd, 00, 0x15, 
	00, 0x1b, 00, 0x23, 00, 00, 0x25, 0x23, 0x3d, 0x1, 
	0x3b, 0x1, 0x1d, 0x1, 0x27, 0x2b, 0x1, 0x35, 0x3b, 0x1, 
	0x2b, 0x2, 0x3d, 0x1, 0x3b, 0x1, 0x15, 0x37, 0x33, 0x15, 
	0x2b, 0x1, 0x35, 0x33, 0x3d, 0x1, 0x3b, 0x1, 0x1d, 0x1, 
	0x23, 0x1, 0x40, 0x40, 0x40, 0x40, 0x80, 0x40, 0x40, 0x40, 
	0x40, 0x80, 0x40, 0x40, 0x40, 0x40, 0x40, 0x40, 0x40, 0x40, 
	0x80, 0x40, 0x40, 0x40, 0x80, 0x40, 0x40, 0x40, 0x40, 0x80, 
	0x40, 0x40, 0x40, 0x40, 0x80, 0x40, 0x40, 0x40, 0x40, 0x40, 
	0x40, 00, 00, 00, 00, 0x2, 00, 00, 00, 0xc0, 
	0x2, 00, 0x2, 0x40, 00, 0x13, 00, 0x27, 00, 00, 
	0x25, 0x2b, 0x6, 0x3d, 0x1, 0x3b, 0x7, 0x1d, 0x1, 0x3, 
	0x2b, 0x6, 0x3d, 0x1, 0x3b, 0x7, 0x1d, 0x1, 0x1, 0xc0, 
	0x40, 0x40, 0x40, 0x40, 0x40, 0x40, 0x40, 0x40, 0x40, 0x40, 
	0x40, 0x40, 0x40, 0x40, 0x40, 0x40, 0x40, 0x40, 0x40, 0x40, 
	0x40, 0x40, 0x40, 0x40, 0x40, 0x40, 0x40, 0x40, 0x40, 0x40, 
	0x40, 0xc0, 0x40, 0x40, 0x40, 0x40, 0x1, 00, 0x40, 0x40, 
	0x40, 0x40, 00, 00, 00, 0x5, 00, 00, 00, 0x80, 
	0x1, 0x80, 0x2, 0x80, 00, 0x7, 00, 0xd, 00, 0x15, 
	00, 0x1b, 00, 0x23, 00, 00, 0x37, 0x23, 0x3d, 0x1, 
	0x3b, 0x1, 0x1d, 0x1, 0x37, 0x33, 0x15, 0x2b, 0x1, 0x35, 
	0x33, 0x3d, 0x1, 0x3b, 0x1, 0x1d, 0x1, 0x23, 0x27, 0x2b, 
	0x1, 0x35, 0x3b, 0x1, 0x2b, 0x2, 0x3d, 0x1, 0x3b, 0x1, 
	0x15, 0x40, 0x40, 0x40, 0x40, 0x40, 0x40, 0x40, 0x40, 0x80, 
	0x40, 0x40, 0x40, 0x40, 0x40, 0x40, 0x40, 0x40, 0x80, 0x40, 
	0x40, 0x40, 0x40, 0x80, 0x40, 0x40, 0x40, 0x40, 0xc0, 0x40, 
	0x40, 0x40, 0x40, 0x40, 0x40, 0x80, 0x40, 0x40, 0x40, 0x40, 
	00, 0x6, 00, 00, 00, 00, 0x2, 00, 0x3, 00, 
	00, 0x7, 00, 0xf, 00, 0x17, 00, 0x21, 00, 0x29, 
	00, 0x35, 00, 00, 0x33, 0x23, 0x3d, 0x1, 0x3b, 0x1, 
	0x1d, 0x1, 0x27, 0x23, 0x3d, 0x1, 0x3b, 0x1, 0x1d, 0x1, 
	0x3d, 0x2, 0x3b, 0x1, 0x1d, 0x1, 0x23, 0x37, 0x3d, 0x2, 
	0x3b, 0x1, 0x1d, 0x2, 0x23, 0x25, 0x23, 0x3d, 0x1, 0x3b, 
	0x1, 0x1d, 0x1, 0x25, 0x2b, 0x3, 0x3d, 0x1, 0x3b, 0x3, 
	0x15, 0xc0, 0x40, 0x40, 0x40, 0x40, 0x40, 0x40, 0x40, 0x40, 
	0x40, 0x40, 0x40, 0x40, 0x40, 0x40, 0xfe, 0x80, 0x40, 0x40, 
	0x40, 0x1, 00, 0x40, 0x40, 0x40, 0x40, 0x40, 0x40, 0x40, 
	0x40, 0x40, 0x40, 0x40, 0x40, 0xc0, 0x40, 0x40, 0x40, 0x40, 
	0x80, 0x40, 0x40, 0x40, 0x40, 0x80, 0x40, 0x40, 0x40, 0x40, 
	0x40, 0x40, 0x40, 0x40, 0x40, 0x40, 0x40, 0x80, 0x40, 0x40, 
	0x40, 00, 00, 0x2, 00, 00, 0xff, 0x40, 0x3, 0x80, 
	0x3, 00, 00, 0x83, 00, 0x91, 00, 00, 0x5, 0x2b, 
	0x8, 0x35, 0x23, 0x35, 0x23, 0x3d, 0xa, 0x33, 0x35, 0x33, 
	0x35, 0x3b, 0x9, 0x15, 0x33, 0x15, 0x33, 0x1d, 0x8, 0x2b, 
	0x1, 0x15, 0x2b, 0x7, 0x3d, 0x5, 0x3b, 0x1, 0x3d, 0x1, 
	0x3b, 0x4, 0x1d, 0x5, 0x33, 0x3d, 0x7, 0x2b, 0x9, 0x1d, 
	0xa, 0x3b, 0x9, 0x35, 0x3b, 0x1, 0x15, 0x23, 0x15, 0x23, 
	0x15, 0x1, 0x33, 0x3d, 0x3, 0x2b, 0x2, 0x1d, 0x3, 0x33, 
	0x2, 0xc0, 0x40, 0x40, 0x40, 0x40, 0x40, 0x40, 0x40, 0x40, 
	0x40, 0x40, 0x40, 0x40, 0x40, 0x40, 0x40, 0x40, 0x40, 0x40, 
	0x40, 0x40, 0x40, 0x40, 0x40, 0x40, 0x40, 0x40, 0x40, 0x40, 
	0x40, 0x40, 0x40, 0x40, 0x40, 0x40, 0x40, 0x40, 0x40, 0x40, 
	0x40, 0x40, 0x40, 0x40, 0x40, 0x40, 0x40, 0x40, 0x40, 0x40, 
	0x40, 0x40, 0x40, 0x40, 0x40, 0x40, 0x40, 0x40, 0x40, 0x40, 
	0x40, 0x40, 0x40, 0x40, 0x40, 0x40, 0x40, 0x40, 0x40, 0xff, 
	00, 0x40, 0x40, 0x40, 0x40, 0x40, 0xc0, 0x40, 0x40, 0x40, 
	0x40, 0x40, 0x40, 0x40, 0x40, 0x40, 0x40, 0x40, 0x40, 0x40, 
	0x40, 0x40, 0x40, 0x40, 0x40, 0x40, 0x40, 0x40, 0x40, 0x40, 
	0x40, 0x40, 0x40, 0x40, 0x40, 0x40, 0x40, 0x40, 0x40, 0x40, 
	0x40, 0x40, 0x40, 0x40, 0x40, 0x40, 0x40, 0x40, 0x40, 0x40, 
	0x40, 0x40, 0x40, 0x40, 0x40, 0x40, 0x40, 0x40, 0x40, 0x40, 
	0x40, 0x40, 0x40, 0x40, 0x40, 0x40, 0x40, 0x40, 0x40, 0x40, 
	0x40, 0x1, 0x40, 0x40, 0x40, 0x40, 0x40, 0x40, 0x40, 0x40, 
	0x40, 00, 00, 00, 00, 0x2, 00, 00, 00, 00, 
	0x2, 0x40, 0x3, 00, 00, 0x35, 00, 0x43, 00, 00, 
	0x21, 0x23, 0x3d, 0x5, 0x2b, 0x4, 0x1d, 0x5, 0x2b, 0x1, 
	0x3d, 0x9, 0x3b, 0x1, 0x1d, 0x1, 0x3b, 0x4, 0x3d, 0x1, 
	0x3b, 0x1, 0x1d, 0x9, 0x3, 0x2b, 0x4, 0x3d, 0x1, 0x3b, 
	0x4, 0x15, 0x2, 00, 0x40, 0x40, 0x40, 0x40, 0x40, 0x40, 
	0x40, 0x40, 0x40, 0x40, 0x40, 0x40, 0x40, 0x40, 0x40, 0x40, 
	0x40, 0x80, 0x40, 0x40, 0x40, 0x40, 0x40, 0x40, 0x40, 0x40, 
	0x40, 0x40, 0x40, 0x40, 0x40, 0x40, 0x40, 0x40, 0x40, 0x40, 
	0x40, 0x40, 0x40, 0x40, 0x40, 0x40, 0x40, 0x40, 0x40, 0x40, 
	0x40, 0x40, 0x40, 0x40, 0x40, 0x40, 0x40, 0x40, 0x40, 0x40, 
	0x40, 0x40, 0x40, 0x40, 0x40, 0x40, 0x40, 0x40, 0x2, 0x80, 
	0x40, 0x40, 0x40, 00, 00, 0x1, 00, 00, 00, 00, 
	0x2, 0x80, 0x3, 00, 00, 0x53, 00, 00, 0x21, 0x2b, 
	0x6, 0x3d, 0xb, 0x3b, 0x7, 0x1d, 0x1, 0x3b, 0x1, 0x1d, 
	0x2, 0x2b, 0x1, 0x3d, 0x2, 0x2b, 0x5, 0x1d, 0x2, 0x3b, 
	0x5, 0x1d, 0x1, 0x3b, 0x1, 0x1d, 0x2, 0x2b, 0x1, 0x3d, 
	0x2, 0x2b, 0x5, 0x1d, 0x2, 0x3b, 0x5, 0x1d, 0x1, 0x1, 
	0xc0, 0x40, 0x40, 0x40, 0x40, 0x40, 0x40, 0x40, 0x40, 0x40, 
	0x40, 0x40, 0x40, 0x40, 0x40, 0x40, 0x40, 0x40, 0x40, 0x40, 
	0x40, 0x40, 0x40, 0x40, 0x40, 0x40, 0x40, 0x40, 0x40, 0x40, 
	0x40, 0x40, 0x40, 0x40, 0x40, 0x40, 0x40, 0x40, 0x40, 0x40, 
	0x40, 0x40, 0x40, 0x40, 0x40, 0x40, 0x40, 0x40, 0x40, 0x40, 
	0x40, 0x40, 0x40, 0x40, 0x40, 0x40, 0x40, 0x40, 0x40, 0x40, 
	0x40, 0x40, 0x40, 0x40, 0x40, 0x40, 0x40, 0x40, 0x40, 0x40, 
	0x40, 0x40, 0x40, 0x40, 0x40, 0x40, 0x40, 0x40, 0x40, 0x40, 
	0x40, 0x40, 0x40, 0x40, 00, 0x3, 00, 00, 00, 00, 
	0x2, 0xc0, 0x3, 00, 00, 0x19, 00, 0x2d, 00, 0x47, 
	00, 00, 0x21, 0x2b, 0x6, 0x3d, 0x1, 0x3b, 0x6, 0x3d, 
	0x1, 0x3b, 0x1, 0x1d, 0x1, 0x23, 0x1d, 0x1, 0x25, 0x2b, 
	0x1, 0x3d, 0x7, 0x3b, 0x1, 0x1d, 0x6, 0x1, 0x23, 0x3d, 
	0x1, 0x2b, 0x6, 0x3d, 0x1, 0x3b, 0x7, 0x1d, 0x1, 0x33, 
	0x1d, 0x1, 0x2, 0x40, 0x40, 0x40, 0x40, 0x40, 0x40, 0x40, 
	0x40, 0x40, 0x40, 0x40, 0x40, 0x40, 0x40, 0x40, 0x40, 0x40, 
	0x40, 0xfe, 00, 0x40, 0x40, 0x40, 0x40, 0x2, 00, 0x40, 
	0x40, 0x40, 0x40, 0x40, 0x40, 0x40, 0x40, 0x40, 0x40, 0x40, 
	0x40, 0x40, 0x40, 0x40, 0x40, 0x40, 0x40, 0x40, 0x40, 0x40, 
	0x40, 0x40, 0x40, 0x40, 0x80, 0x40, 0x40, 0x40, 0x40, 0x40, 
	0x40, 0x40, 0x40, 0x40, 0x40, 0x40, 0x40, 0x40, 0x40, 0x40, 
	0x1, 0x40, 0x40, 0x40, 0x40, 0x40, 0x40, 0x40, 0x40, 0x40, 
	00, 0x1, 00, 00, 00, 00, 0x2, 0x80, 0x3, 00, 
	00, 0x47, 00, 00, 0x21, 0x2b, 0x6, 0x3d, 0xb, 0x3b, 
	0x7, 0x1d, 0x1, 0x3b, 0x1, 0x1d, 0x7, 0x2b, 0x1, 0x3d, 
	0x7, 0x2b, 0x5, 0x1d, 0x7, 0x3b, 0x5, 0x1d, 0x1, 0x1, 
	0xc0, 0x40, 0x40, 0x40, 0x40, 0x40, 0x40, 0x40, 0x40, 0x40, 
	0x40, 0x40, 0x40, 0x40, 0x40, 0x40, 0x40, 0x40, 0x40, 0x40, 
	0x40, 0x40, 0x40, 0x40, 0x40, 0x40, 0x40, 0x40, 0x40, 0x40, 
	0x40, 0x40, 0x40, 0x40, 0x40, 0x40, 0x40, 0x40, 0x40, 0x40, 
	0x40, 0x40, 0x40, 0x40, 0x40, 0x40, 0x40, 0x40, 0x40, 0x40, 
	0x40, 0x40, 0x40, 0x40, 0x40, 0x40, 0x40, 0x40, 0x40, 0x40, 
	0x40, 0x40, 0x40, 0x40, 0x40, 0x40, 0x40, 0x40, 0x40, 0x40, 
	0x40, 0x40, 00, 0x1, 00, 00, 00, 00, 0x2, 0x80, 
	0x3, 00, 00, 0x41, 00, 00, 0x21, 0x2b, 0x8, 0x3d, 
	0xb, 0x3b, 0x9, 0x1d, 0x1, 0x2b, 0x7, 0x1d, 0x1, 0x3b, 
	0x2, 0x1d, 0x1, 0x2b, 0x2, 0x1d, 0x3, 0x3b, 0x7, 0x1d, 
	0x1, 0x2, 0x40, 0x40, 0x40, 0x40, 0x40, 0x40, 0x40, 0x40, 
	0x40, 0x40, 0x40, 0x40, 0x40, 0x40, 0x40, 0x40, 0x40, 0x40, 
	0x40, 0x40, 0x40, 0x40, 0x40, 0x40, 0x40, 0x40, 0x40, 0x40, 
	0x40, 0x40, 0x40, 0x40, 0x40, 0x40, 0x40, 0x40, 0x40, 0x40, 
	0x40, 0x40, 0x40, 0x40, 0x40, 0x40, 0x40, 0x40, 0x40, 0x40, 
	0x40, 0x40, 0x40, 0x40, 0x40, 0x40, 0x40, 0x40, 0x40, 0x40, 
	0x40, 0x40, 0x40, 0x40, 0x40, 0x40, 0x40, 0x40, 00, 00, 
	00, 0x1, 00, 00, 00, 00, 0x2, 0x40, 0x3, 00, 
	00, 0x31, 00, 00, 0x33, 0x23, 0x3d, 0xb, 0x3b, 0x8, 
	0x1d, 0x1, 0x2b, 0x6, 0x1d, 0x1, 0x3b, 0x3, 0x1d, 0x1, 
	0x2b, 0x3, 0x1d, 0x5, 0x40, 0x40, 0x40, 0x40, 0x40, 0x40, 
	0x40, 0x40, 0x40, 0x40, 0x40, 0x40, 0x40, 0x40, 0x40, 0x40, 
	0x40, 0x40, 0x40, 0x40, 0x40, 0x40, 0x40, 0x40, 0x40, 0x40, 
	0x40, 0x40, 0x40, 0x40, 0x40, 0x40, 0x40, 0x40, 0x40, 0x40, 
	0x40, 0x40, 0x40, 0x40, 0x40, 0x40, 0x40, 0x40, 0x40, 0x40, 
	0x40, 0x40, 0x40, 0x40, 00, 0x4, 00, 00, 00, 00, 
	0x2, 0xc0, 0x3, 00, 00, 0x11, 00, 0x25, 00, 0x39, 
	00, 0x4f, 00, 00, 0x21, 0x2b, 0x5, 0x3d, 0x1, 0x3b, 
	0x6, 0x1d, 0x1, 0x3d, 0x4, 0x2b, 0x1, 0x3d, 0x1, 0x3b, 
	0x3, 0x1d, 0x5, 0x23, 0x21, 0x2b, 0x1, 0x3d, 0x7, 0x3b, 
	0x1, 0x1d, 0x6, 0x1, 0x2b, 0x7, 0x3d, 0x1, 0x3b, 0x8, 
	0x1d, 0x1, 0x2, 00, 0x40, 0x40, 0x40, 0x40, 0x40, 0x40, 
	0x40, 0x40, 0x40, 0x40, 0x40, 0x40, 0x40, 0x40, 0x40, 0x40, 
	0x40, 0x40, 0x40, 0x40, 0xfe, 00, 0x40, 0x40, 0x40, 0x40, 
	0x2, 00, 0x40, 0x40, 0x40, 0x40, 0x40, 0x40, 0x40, 0x40, 
	0x40, 0x40, 0x40, 0x40, 0x40, 0x40, 0x40, 0x40, 0x40, 0x40, 
	0x40, 0x40, 0x40, 0x80, 0x40, 0x40, 0x40, 0x40, 0x40, 0x40, 
	0x40, 0x40, 0x40, 0x40, 0x40, 0x40, 0x40, 0x40, 0x40, 0x40, 
	0x40, 0x40, 0x40, 0x40, 0x40, 0x40, 0x40, 0x40, 0x40, 0x40, 
	0x40, 0x1, 0xc0, 0x40, 0x40, 0x40, 0x40, 00, 00, 0x1, 
	00, 00, 00, 00, 0x2, 0x80, 0x3, 00, 00, 0x3f, 
	00, 00, 0x21, 0x23, 0x3d, 0x4, 0x2b, 0x5, 0x1d, 0x4, 
	0x2b, 0x1, 0x3d, 0xb, 0x3b, 0x1, 0x1d, 0x4, 0x3b, 0x5, 
	0x3d, 0x4, 0x3b, 0x1, 0x1d, 0xb, 0x2, 0x40, 0x40, 0x40, 
	0x40, 0x40, 0x40, 0x40, 0x40, 0x40, 0x40, 0x40, 0x40, 0x40, 
	0x40, 0x40, 0x40, 0x40, 0x40, 0x40, 0x40, 0x40, 0x40, 0x40, 
	0x40, 0x40, 0x40, 0x40, 0x40, 0x40, 0x40, 0x40, 0x40, 0x40, 
	0x40, 0x40, 0x40, 0x40, 0x40, 0x40, 0x40, 0x40, 0x40, 0x40, 
	0x40, 0x40, 0x40, 0x40, 0x40, 0x40, 0x40, 0x40, 0x40, 0x40, 
	0x40, 0x40, 0x40, 0x40, 0x40, 0x40, 0x40, 0x40, 0x40, 0x40, 
	0x40, 00, 00, 0x1, 00, 0x40, 00, 00, 0x1, 0x40, 
	0x3, 00, 00, 0x23, 00, 00, 0x21, 0x2b, 0x2, 0x3d, 
	0x1, 0x33, 0x3d, 0x7, 0x23, 0x3d, 0x1, 0x3b, 0x3, 0x1d, 
	0x1, 0x23, 0x1d, 0x7, 0x33, 0x1d, 0x1, 0x1, 00, 0x40, 
	0x40, 0x40, 0x40, 0x40, 0x40, 0x40, 0x40, 0x40, 0x40, 0x40, 
	0x40, 0x40, 0x40, 0x40, 0x40, 0x40, 0x40, 0x40, 0x40, 0x40, 
	0x40, 0x40, 0x40, 0x40, 0x40, 0x40, 0x40, 0x40, 0x40, 0x40, 
	0x40, 0x40, 0x40, 0x40, 00, 0x3, 00, 00, 00, 00, 
	0x1, 0xc0, 0x3, 00, 00, 0x9, 00, 0x21, 00, 0x29, 
	00, 00, 0x21, 0x2b, 0x1, 0x3d, 0x1, 0x3b, 0x2, 0x1d, 
	0x1, 0x3d, 0xa, 0x3b, 0x1, 0x1d, 0x9, 0x23, 0x21, 0x2b, 
	0x1, 0x3d, 0x1, 0x3b, 0x1, 0x15, 0x1, 00, 0x40, 0x40, 
	0x40, 0x40, 0x40, 0x40, 0x40, 0x40, 0xff, 00, 0x40, 0x40, 
	0x40, 0x40, 0x40, 0x40, 0x40, 0x40, 0x80, 0x40, 0x40, 0x40, 
	0x40, 0x40, 0x40, 0x40, 0x40, 0x40, 0x40, 0x40, 0x40, 0x40, 
	0x40, 0x40, 0x40, 0x40, 0x40, 0x40, 0x40, 0x40, 0x40, 0x40, 
	00, 00, 00, 0x4, 00, 00, 00, 00, 0x2, 0x40, 
	0x3, 00, 00, 0x9, 00, 0x33, 00, 0x3b, 00, 0x43, 
	00, 00, 0x21, 0x23, 0x3d, 0x2, 0x3b, 0x1, 0x1d, 0x2, 
	0x21, 0x23, 0x3d, 0xb, 0x3b, 0x1, 0x1d, 0x4, 0x3b, 0x2, 
	0x1d, 0x1, 0x3b, 0x1, 0x1d, 0x1, 0x2b, 0x1, 0x3d, 0x1, 
	0x2b, 0x2, 0x1d, 0x4, 0x13, 0x3d, 0x1, 0x3b, 0x1, 0x1d, 
	0x1, 0x23, 0x37, 0x3d, 0x1, 0x3b, 0x1, 0x1d, 0x1, 0x23, 
	0x2, 00, 0x40, 0x40, 0x40, 0xfe, 00, 0x40, 0x40, 0x40, 
	0x40, 0x40, 0x40, 0x40, 0x40, 0x40, 0x40, 0x40, 0x40, 0x40, 
	0xc0, 0x40, 0x40, 0x40, 0x40, 0x40, 0x40, 0x40, 0x40, 0x40, 
	0x40, 0x40, 0x40, 0x40, 0x40, 0x40, 0x40, 0x40, 0x40, 0x40, 
	0x40, 0x40, 0x40, 0x40, 0x40, 0x40, 0x40, 0x40, 0x40, 0x40, 
	0x40, 0x40, 0x40, 0x40, 0x40, 0x40, 0x40, 0x40, 0x40, 0x40, 
	0x40, 0x40, 0x1, 0xc0, 0x40, 0x40, 0x40, 0x40, 0x80, 0x40, 
	0x40, 0x40, 0x40, 00, 00, 00, 00, 0x1, 00, 00, 
	00, 00, 0x2, 0x40, 0x3, 00, 00, 0x29, 00, 00, 
	0x21, 0x2b, 0x7, 0x3d, 0xb, 0x3b, 0x1, 0x1d, 0x9, 0x3b, 
	0x6, 0x1d, 0x1, 0x2, 00, 0x40, 0x40, 0x40, 0x40, 0x40, 
	0x40, 0x40, 0x40, 0x40, 0x40, 0x40, 0x40, 0x40, 0x40, 0x40, 
	0x40, 0x40, 0x40, 0x40, 0x40, 0x40, 0x40, 0x40, 0x40, 0x40, 
	0x40, 0x40, 0x40, 0x40, 0x40, 0x40, 0x40, 0x40, 0x40, 0x40, 
	0x40, 0x40, 0x40, 0x40, 0x40, 0x40, 00, 00, 00, 0x2, 
	00, 00, 00, 00, 0x2, 0x80, 0x3, 00, 00, 0x27, 
	00, 0x47, 00, 00, 0x21, 0x23, 0x3d, 0x7, 0x2b, 0x1, 
	0x1d, 0x1, 0x2b, 0x1, 0x3d, 0x1, 0x3b, 0x1, 0x3d, 0x1, 
	0x3b, 0x1, 0x3d, 0x1, 0x3b, 0x1, 0x1d, 0xb, 0x21, 0x23, 
	0x3d, 0xb, 0x3b, 0x1, 0x1d, 0x1, 0x3b, 0x1, 0x1d, 0x1, 
	0x2b, 0x1, 0x1d, 0x7, 0x2, 0x40, 0x40, 0x40, 0x40, 0x40, 
	0x40, 0x40, 0x40, 0x40, 0x40, 0x40, 0x40, 0xfd, 0xc0, 0x40, 
	0x40, 0x40, 0x40, 0x40, 0x40, 0x40, 0x40, 0x40, 0x40, 0x40, 
	0x40, 0x40, 0x40, 0x40, 0x40, 0x40, 0x40, 0x40, 0x40, 0x40, 
	0x40, 0x40, 0x40, 0x40, 0x40, 0x40, 0x40, 0x40, 0x40, 0x40, 
	0x40, 0x40, 0x40, 0x40, 0x40, 0x40, 0x40, 0x40, 0x40, 0x40, 
	0x40, 0x40, 0x40, 0x40, 0x40, 0x40, 0x40, 0x40, 0x40, 0x40, 
	0x40, 0x40, 0x40, 0x40, 0x40, 0x40, 0x40, 0x40, 00, 00, 
	00, 0x2, 00, 00, 00, 00, 0x2, 0x80, 0x3, 00, 
	00, 0x1f, 00, 0x47, 00, 00, 0x21, 0x23, 0x3d, 0x4, 
	0x2b, 0x1, 0x3d, 0x1, 0x3b, 0x1, 0x3d, 0x4, 0x3b, 0x1, 
	0x1d, 0xb, 0x21, 0x23, 0x3d, 0xb, 0x3b, 0x1, 0x15, 0x3b, 
	0x1, 0x1d, 0x1, 0x3b, 0x1, 0x1d, 0x1, 0x2b, 0x1, 0x3d, 
	0x1, 0x2b, 0x1, 0x1d, 0x8, 0x2, 0x40, 0x40, 0x40, 0x40, 
	0x40, 0x40, 0x40, 0x40, 0xfd, 0xc0, 0x40, 0x40, 0x40, 0x40, 
	0x40, 0x40, 0x40, 0x40, 0x40, 0x40, 0x40, 0x40, 0x40, 0x40, 
	0x40, 0x40, 0x40, 0x40, 0x40, 0x40, 0x40, 0x40, 0x40, 0x40, 
	0x40, 0x40, 0x40, 0x40, 0x40, 0x40, 0x40, 0x40, 0x40, 0x40, 
	0x40, 0x40, 0x40, 0x40, 0x40, 0x40, 0x40, 0x40, 0x40, 0x40, 
	0x40, 0x40, 0x40, 0x40, 0x40, 0x40, 0x40, 0x40, 0x40, 0x40, 
	0x40, 0x40, 0x40, 0x40, 0x40, 0x40, 0x40, 0x40, 0x40, 00, 
	00, 00, 00, 0x4, 00, 00, 00, 00, 0x3, 00, 
	0x3, 00, 00, 0x13, 00, 0x27, 00, 0x3b, 00, 0x4f, 
	00, 00, 0x21, 0x2b, 0x6, 0x3d, 0x1, 0x3b, 0x7, 0x1d, 
	0x1, 0x3d, 0x8, 0x3b, 0x1, 0x1d, 0x7, 0x23, 0x21, 0x2b, 
	0x1, 0x3d, 0x7, 0x3b, 0x1, 0x1d, 0x6, 0x1, 0x2b, 0x7, 
	0x3d, 0x1, 0x3b, 0x7, 0x15, 0x2, 0x40, 0x40, 0x40, 0x40, 
	0x40, 0x40, 0x40, 0x40, 0x40, 0x40, 0x40, 0x40, 0x40, 0x40, 
	0x40, 0x40, 0x40, 0x40, 0x40, 0xfd, 0xc0, 0x40, 0x40, 0x40, 
	0x40, 0x2, 00, 0x40, 0x40, 0x40, 0x40, 0x40, 0x40, 0x40, 
	0x40, 0x40, 0x40, 0x40, 0x40, 0x40, 0x40, 0x40, 0x40, 0x40, 
	0x40, 0x40, 0x40, 0x80, 0x40, 0x40, 0x40, 0x40, 0x40, 0x40, 
	0x40, 0x40, 0x40, 0x40, 0x40, 0x40, 0x40, 0x40, 0x40, 0x40, 
	0x40, 0x40, 0x40, 0x40, 0x40, 0x40, 0x40, 0x40, 0x40, 0x40, 
	0x40, 0x40, 0x40, 0x40, 0x40, 0x1, 0xc0, 0x40, 0x40, 0x40, 
	00, 00, 00, 0x1, 00, 00, 00, 00, 0x2, 0x80, 
	0x3, 00, 00, 0x3b, 00, 00, 0x33, 0x23, 0x3d, 0xb, 
	0x3b, 0x7, 0x1d, 0x1, 0x3b, 0x1, 0x1d, 0x1, 0x2b, 0x1, 
	0x3d, 0x1, 0x2b, 0x5, 0x1d, 0x1, 0x3b, 0x5, 0x1d, 0x1, 
	0x2b, 0x5, 0x1d, 0x5, 0x40, 0x40, 0x40, 0x40, 0x40, 0x40, 
	0x40, 0x40, 0x40, 0x40, 0x40, 0x40, 0x40, 0x40, 0x40, 0x40, 
	0x40, 0x40, 0x40, 0x40, 0x40, 0x40, 0x40, 0x40, 0x40, 0x40, 
	0x40, 0x40, 0x40, 0x40, 0x40, 0x40, 0x40, 0x40, 0x40, 0x40, 
	0x40, 0x40, 0x40, 0x40, 0x40, 0x40, 0x40, 0x40, 0x40, 0x40, 
	0x40, 0x40, 0x40, 0x40, 0x40, 0x40, 0x40, 0x40, 0x40, 0x40, 
	0x40, 0x40, 0x40, 0x40, 00, 00, 00, 0x4, 00, 00, 
	00, 00, 0x3, 00, 0x3, 00, 00, 0x19, 00, 0x2d, 
	00, 0x41, 00, 0x55, 00, 00, 0x25, 0x33, 0x15, 0x2b, 
	0x9, 0x3d, 0x1, 0x3b, 0x3, 0x35, 0x3b, 0x1, 0x15, 0x3b, 
	0x1, 0x15, 0x3d, 0x8, 0x3b, 0x1, 0x1d, 0x7, 0x23, 0x21, 
	0x2b, 0x1, 0x3d, 0x7, 0x3b, 0x1, 0x1d, 0x6, 0x1, 0x2b, 
	0x7, 0x3d, 0x1, 0x3b, 0x7, 0x15, 0x2, 0xc0, 0x40, 0x40, 
	0x40, 0x40, 0x40, 0x40, 0x40, 0x40, 0x40, 0x40, 0x40, 0x40, 
	0x40, 0x40, 0x40, 0x40, 0x40, 0x40, 0x40, 0x40, 0x40, 0x40, 
	0xfd, 0xc0, 0x40, 0x40, 0x40, 0x40, 0x2, 00, 0x40, 0x40, 
	0x40, 0x40, 0x40, 0x40, 0x40, 0x40, 0x40, 0x40, 0x40, 0x40, 
	0x40, 0x40, 0x40, 0x40, 0x40, 0x40, 0x40, 0x40, 0x40, 0x40, 
	0x40, 0x40, 0x40, 0x40, 0x40, 0x40, 0x40, 0x40, 0x40, 0x40, 
	0x40, 0x40, 0x40, 0x40, 0x40, 0x40, 0x40, 0x40, 0x40, 0x40, 
	0x40, 0x40, 0x40, 0x40, 0x40, 0x40, 0x40, 0x40, 0x40, 0x40, 
	0x40, 0x40, 0x40, 0x1, 0xc0, 0x40, 0x40, 0x40, 00, 0x2, 
	00, 00, 00, 00, 0x3, 00, 0x3, 00, 00, 0x7, 
	00, 0x53, 00, 00, 0x21, 0x23, 0x3d, 0x1, 0x3b, 0x1, 
	0x1d, 0x1, 0x21, 0x23, 0x3d, 0xb, 0x3b, 0x8, 0x1d, 0x1, 
	0x3b, 0x1, 0x1d, 0x1, 0x2b, 0x1, 0x3d, 0x1, 0x2b, 0x6, 
	0x1d, 0x1, 0x3b, 0x6, 0x1d, 0x1, 0x23, 0x1d, 0x1, 0x3b, 
	0x1, 0x1d, 0x1, 0x2b, 0x1, 0x3d, 0x1, 0x2b, 0x1, 0x3d, 
	0x1, 0x2b, 0x3, 0x1d, 0x5, 0x2, 0xc0, 0x40, 0x40, 0x40, 
	0xfd, 0x40, 0x40, 0x40, 0x40, 0x40, 0x40, 0x40, 0x40, 0x40, 
	0x40, 0x40, 0x40, 0x40, 0x40, 0x40, 0x40, 0x40, 0x40, 0x40, 
	0x40, 0x40, 0x40, 0x40, 0x40, 0x40, 0x40, 0x40, 0x40, 0x40, 
	0x40, 0x40, 0x40, 0x40, 0x40, 0x40, 0x40, 0x40, 0x40, 0x40, 
	0x40, 0x40, 0x40, 0x40, 0x40, 0x40, 0x40, 0x40, 0x40, 0x40, 
	0x40, 0x40, 0x40, 0x40, 0x40, 0x40, 0x40, 0x40, 0x40, 0x40, 
	0x40, 0x40, 0x40, 0x40, 0x40, 0x40, 0x40, 0x40, 0x40, 0x40, 
	0x40, 0x40, 0x40, 0x40, 0x40, 0x40, 0x40, 0x40, 0x40, 0x40, 
	0x40, 00, 00, 00, 00, 0x5, 00, 00, 00, 00, 
	0x2, 0x40, 0x3, 00, 00, 0x11, 00, 0x1d, 00, 0x2b, 
	00, 0x33, 00, 0x45, 00, 00, 0x21, 0x2b, 0x5, 0x3d, 
	0x1, 0x3b, 0x6, 0x1d, 0x1, 0x3d, 0x4, 0x3b, 0x1, 0x1d, 
	0x3, 0x23, 0x3, 0x2b, 0x4, 0x3d, 0x1, 0x3b, 0x4, 0x15, 
	0x25, 0x2b, 0x1, 0x3d, 0x1, 0x3b, 0x1, 0x15, 0x25, 0x2b, 
	0x5, 0x3d, 0x1, 0x3b, 0x6, 0x1d, 0x1, 0x1, 0x80, 0x40, 
	0x40, 0x40, 0x40, 0x40, 0x40, 0x40, 0x40, 0x40, 0x40, 0x40, 
	0x40, 0x40, 0x40, 0x40, 0x40, 0x40, 0x40, 0x40, 0x40, 0x40, 
	0x40, 0x40, 0x40, 0x40, 0x40, 0x40, 0xfe, 0xc0, 0x40, 0x40, 
	0x40, 0x40, 0x1, 0x80, 0x40, 0x40, 0x40, 0x40, 0x40, 0x40, 
	0x40, 0x40, 0x40, 0x40, 0x40, 0x40, 0x40, 0x40, 0x40, 0x40, 
	0x40, 0x80, 0x40, 0x40, 0x40, 0x40, 0x40, 0x40, 0x40, 0x40, 
	0x1, 00, 0x40, 0x40, 0x40, 0x40, 0x40, 0x40, 0x40, 0x40, 
	0x40, 0x40, 0x40, 0x40, 00, 0x1, 00, 00, 00, 00, 
	0x2, 0x80, 0x3, 00, 00, 0x2b, 00, 00, 0x21, 0x23, 
	0x3d, 0x9, 0x2b, 0x3, 0x3d, 0x1, 0x3b, 0x9, 0x1d, 0x1, 
	0x2b, 0x3, 0x1d, 0x9, 0x1, 0x40, 0x40, 0x40, 0x40, 0x40, 
	0x40, 0x40, 0x40, 0x40, 0x40, 0x40, 0x40, 0x40, 0x40, 0x40, 
	0x40, 0x40, 0x40, 0x40, 0x40, 0x40, 0x40, 0x40, 0x40, 0x40, 
	0x40, 0x40, 0x40, 0x40, 0x40, 0x40, 0x40, 0x40, 0x40, 0x40, 
	0x40, 0x40, 0x40, 0x40, 0x40, 0x40, 0x40, 0x40, 0x40, 00, 
	00, 0x3, 00, 0x40, 00, 00, 0x2, 0x80, 0x3, 00, 
	00, 0xd, 00, 0x25, 00, 0x3d, 00, 00, 0x21, 0x2b, 
	0x3, 0x3d, 0x1, 0x3b, 0x4, 0x1d, 0x1, 0x3d, 0xa, 0x3b, 
	0x1, 0x1d, 0x9, 0x23, 0x21, 0x2b, 0x1, 0x3d, 0x9, 0x3b, 
	0x1, 0x1d, 0x8, 0x1, 0xc0, 0x40, 0x40, 0x40, 0x40, 0x40, 
	0x40, 0x40, 0x40, 0x40, 0x40, 0x40, 0x40, 0xfe, 0x80, 0x40, 
	0x40, 0x40, 0x40, 0x40, 0x40, 0x40, 0x40, 0x80, 0x40, 0x40, 
	0x40, 0x40, 0x40, 0x40, 0x40, 0x40, 0x40, 0x40, 0x40, 0x40, 
	0x40, 0x40, 0x40, 0x40, 0x40, 0x40, 0x40, 0x40, 0x40, 0x40, 
	0x40, 0x40, 0x40, 0x40, 0x40, 0x40, 0x40, 0x40, 0x40, 0x40, 
	0x40, 0x40, 0x40, 0x40, 0x40, 0x40, 0x40, 00, 00, 0x5, 
	00, 00, 00, 00, 0x2, 0x80, 0x3, 00, 00, 0xb, 
	00, 0x15, 00, 0x1f, 00, 0x2d, 00, 0x3b, 00, 00, 
	0x21, 0x23, 0x3d, 0x3, 0x3b, 0x1, 0x1d, 0x3, 0x11, 0x3d, 
	0x2, 0x3b, 0x1, 0x1d, 0x2, 0x2b, 0x3, 0x3d, 0x2, 0x3b, 
	0x1, 0x1d, 0x1, 0x25, 0x3d, 0x4, 0x3b, 0x1, 0x1d, 0x4, 
	0x23, 0x21, 0x2b, 0x1, 0x3d, 0x4, 0x3b, 0x1, 0x1d, 0x3, 
	0x1, 0x40, 0x40, 0x40, 0x40, 0x40, 0x40, 0x40, 0xc0, 0x40, 
	0x40, 0x40, 0x40, 0x1, 00, 0x40, 0x40, 0x40, 0xfe, 0x40, 
	0x40, 0x40, 0x40, 0x40, 0x40, 0x40, 0x40, 0x40, 0x40, 0x40, 
	0x40, 0x40, 0x1, 00, 0x40, 0x40, 0x40, 0x40, 0x40, 0x40, 
	0x40, 0x40, 0x40, 0x40, 0x40, 0x80, 0x40, 0x40, 0x40, 0x40, 
	0x40, 0x40, 0x40, 0x40, 0x40, 0x40, 0x40, 0x40, 0x40, 0x40, 
	0x40, 0x40, 0x40, 0x40, 0x40, 00, 00, 0x3, 00, 00, 
	00, 00, 0x2, 0x80, 0x3, 00, 00, 0x1f, 00, 0x3f, 
	00, 0x47, 00, 00, 0x21, 0x23, 0x3d, 0x1, 0x2b, 0x1, 
	0x3d, 0x1, 0x3b, 0x1, 0x3d, 0x7, 0x3b, 0x1, 0x1d, 0xb, 
	0x21, 0x23, 0x3d, 0xb, 0x3b, 0x1, 0x1d, 0x7, 0x3b, 0x1, 
	0x1d, 0x1, 0x2b, 0x1, 0x1d, 0x1, 0x1, 0x2b, 0x1, 0x3d, 
	0x1, 0x3b, 0x1, 0x15, 0x2, 0x40, 0x40, 0x40, 0x40, 0x40, 
	0x40, 0x40, 0x40, 0xfd, 0xc0, 0x40, 0x40, 0x40, 0x40, 0x40, 
	0x40, 0x40, 0x1, 00, 0x40, 0x40, 0x40, 0x40, 0x40, 0x40, 
	0x40, 0x40, 0x40, 0x40, 0x40, 0x40, 0x40, 0x40, 0x40, 0x40, 
	0x40, 0x40, 0x40, 0x40, 0x40, 0x40, 0x40, 0x40, 0x40, 0x40, 
	0x40, 0x40, 0x40, 0x40, 0x40, 0x40, 0x40, 0x40, 0x40, 0x40, 
	0x40, 0x40, 0x40, 0x40, 0x40, 0x40, 0x40, 0x40, 0x40, 0x40, 
	0x40, 0x40, 0x40, 0x40, 0x40, 0x40, 0x1, 00, 0x40, 0x40, 
	0x40, 00, 00, 0x9, 00, 00, 00, 00, 0x2, 0x80, 
	0x3, 00, 00, 0xb, 00, 0x17, 00, 0x1f, 00, 0x27, 
	00, 0x2f, 00, 0x37, 00, 0x3f, 00, 0x47, 00, 0x4f, 
	00, 00, 0x21, 0x23, 0x3d, 0x3, 0x3b, 0x1, 0x1d, 0x3, 
	0x21, 0x23, 0x3d, 0x3, 0x3b, 0x1, 0x1d, 0x3, 0x1, 0x2b, 
	0x1, 0x3d, 0x1, 0x3b, 0x1, 0x15, 0x5, 0x3d, 0x1, 0x3b, 
	0x1, 0x1d, 0x1, 0x23, 0x37, 0x2b, 0x1, 0x3d, 0x1, 0x3b, 
	0x1, 0x15, 0x3d, 0x2, 0x3b, 0x1, 0x1d, 0x1, 0x2b, 0x3, 
	0x3d, 0x1, 0x3b, 0x1, 0x15, 0x25, 0x3d, 0x1, 0x3b, 0x1, 
	0x1d, 0x1, 0x23, 0x21, 0x2b, 0x1, 0x3d, 0x1, 0x3b, 0x1, 
	0x15, 0x2, 0x40, 0x40, 0x40, 0x40, 0xfd, 0xc0, 0x40, 0x40, 
	0x40, 0x1, 0x80, 0x40, 0x40, 0x40, 0x40, 0xfe, 0x80, 0x40, 
	0x40, 0x40, 0xc0, 0x40, 0x40, 0x40, 0x40, 0x40, 0x40, 0x40, 
	0xc0, 0x40, 0x40, 0x40, 0x40, 0x1, 00, 0x40, 0x40, 0x40, 
	0xfe, 0x40, 0x40, 0x40, 0x40, 0x40, 0x40, 0x40, 0x40, 0x40, 
	0x40, 0x40, 0x40, 0x40, 0x40, 0x40, 0x40, 0x40, 0x40, 0x40, 
	0x40, 0x40, 0x1, 00, 0x40, 0x40, 0x40, 0x40, 0x40, 0x40, 
	0x40, 0x40, 0x80, 0x40, 0x40, 0x40, 0x40, 0x40, 0x40, 0x40, 
	0x40, 0x40, 0x40, 0x40, 0x40, 0x40, 0x40, 0x40, 0x40, 0x40, 
	0x40, 0x40, 00, 00, 00, 0x5, 00, 00, 00, 00, 
	0x2, 0x80, 0x3, 00, 00, 0x13, 00, 0x1b, 00, 0x23, 
	00, 0x2b, 00, 0x33, 00, 00, 0x21, 0x23, 0x3d, 0x7, 
	0x3b, 0x1, 0x1d, 0x7, 0x11, 0x3d, 0x1, 0x3b, 0x1, 0x1d, 
	0x1, 0x2b, 0x3, 0x3d, 0x1, 0x3b, 0x1, 0x15, 0x25, 0x3d, 
	0x1, 0x3b, 0x1, 0x1d, 0x1, 0x23, 0x21, 0x2b, 0x1, 0x3d, 
	0x1, 0x3b, 0x1, 0x15, 0x1, 0x40, 0x40, 0x40, 0x40, 0x40, 
	0x40, 0x40, 0xc0, 0x40, 0x40, 0x40, 0x40, 0x1, 00, 0x40, 
	0x40, 0x40, 0xfe, 0x40, 0x40, 0x40, 0x40, 0x40, 0x40, 0x40, 
	0x40, 0x40, 0x40, 0x40, 0x40, 0x40, 0x40, 0x40, 0x40, 0x40, 
	0x40, 0x40, 0x40, 0x40, 0x2, 00, 0x40, 0x40, 0x40, 0x40, 
	0x40, 0x40, 0x40, 0x40, 0x40, 0x40, 0x40, 0x40, 0x40, 0x40, 
	0x40, 00, 00, 00, 00, 0x4, 00, 00, 00, 00, 
	0x2, 0x80, 0x3, 00, 00, 0x1b, 00, 0x23, 00, 0x2b, 
	00, 0x47, 00, 00, 0x21, 0x2b, 0x8, 0x3d, 0x1, 0x3b, 
	0x1, 0x3d, 0x1, 0x3b, 0x1, 0x1d, 0x1, 0x3b, 0x5, 0x1d, 
	0x1, 0x1, 0x3d, 0x1, 0x3b, 0x1, 0x1d, 0x1, 0x23, 0x37, 
	0x3d, 0x1, 0x3b, 0x1, 0x1d, 0x1, 0x23, 0x37, 0x3d, 0x1, 
	0x2b, 0x7, 0x3d, 0x1, 0x3b, 0x9, 0x1d, 0x3, 0x23, 0x2, 
	0x40, 0x40, 0x40, 0x40, 0x40, 0x40, 0x40, 0x40, 0x40, 0x40, 
	0x40, 0x40, 0x40, 0x40, 0x40, 0x40, 0x40, 0x40, 0x40, 0x40, 
	0xfe, 0x80, 0x40, 0x40, 0x40, 0x40, 0x40, 0x40, 0x40, 0x40, 
	0x40, 0x40, 0x40, 0x40, 0x40, 0x40, 0x40, 0x40, 0x40, 0x40, 
	0x40, 0x40, 0x40, 0x40, 0x40, 0x40, 0x40, 0x40, 0x40, 0x40, 
	0x40, 0x40, 0x40, 0x40, 0x40, 0x40, 0x40, 0x1, 00, 0x40, 
	0x40, 0x40, 0x40, 0x80, 0x40, 0x40, 0x40, 0x40, 0x80, 0x40, 
	0x40, 0x40, 0x40, 0x40, 0x40, 0x40, 0x40, 00, 00, 0x1, 
	00, 00, 0xff, 0x40, 0x1, 00, 0x3, 00, 00, 0x29, 
	00, 00, 0x17, 0x2b, 0x2, 0x3d, 0xe, 0x3b, 0x3, 0x1d, 
	0x1, 0x2b, 0x1, 0x1d, 0xa, 0x3b, 0x1, 0x1d, 0x1, 0xc0, 
	0x40, 0x40, 0x40, 0x40, 0x40, 0x40, 0x40, 0x40, 0x40, 0x40, 
	0x40, 0xc0, 0x40, 0x40, 0x40, 0x40, 0x40, 0x40, 0x40, 0x40, 
	0x40, 0x40, 0x40, 0x40, 0x40, 0x40, 0x40, 0x40, 0x40, 0x40, 
	0x40, 0x40, 0x40, 0x40, 0x40, 0x40, 0x40, 0x40, 0x40, 0x40, 
	0x40, 0x40, 00, 00, 00, 0x8, 00, 00, 00, 00, 
	0x2, 00, 0x3, 00, 00, 0x3, 00, 0x9, 00, 0xd, 
	00, 0x13, 00, 0x17, 00, 0x1d, 00, 0x21, 00, 0x27, 
	00, 00, 0x21, 0x35, 0x33, 0x15, 0x27, 0x23, 0x3d, 0x1, 
	0x33, 0x15, 0x27, 0x23, 0x35, 0x33, 0x2b, 0x1, 0x3d, 0x1, 
	0x33, 0x15, 0x27, 0x23, 0x35, 0x33, 0x2b, 0x1, 0x3d, 0x1, 
	0x33, 0x15, 0x27, 0x23, 0x35, 0x33, 0x2b, 0x1, 0x3d, 0x1, 
	0x33, 0x15, 0x1, 0xc0, 0x40, 0x40, 0x40, 0x40, 0x40, 0x40, 
	0x40, 0x40, 0x40, 0x40, 0x40, 0x40, 0x40, 0x40, 0x40, 0x40, 
	0x40, 0x40, 0x40, 0x40, 0x40, 0x40, 0x40, 0x40, 0x40, 0x40, 
	0x40, 0x40, 0x40, 0x40, 0x40, 0x40, 0x40, 0x40, 0x40, 0x40, 
	0x40, 0x40, 0x40, 0x40, 0x40, 0x40, 0x40, 00, 00, 00, 
	00, 0x1, 00, 00, 0xff, 0x40, 0x1, 00, 0x3, 00, 
	00, 0x29, 00, 00, 0x17, 0x2b, 0x2, 0x3d, 0x1, 0x3b, 
	0x1, 0x3d, 0xa, 0x2b, 0x1, 0x3d, 0x1, 0x3b, 0x3, 0x1d, 
	0xe, 0xc0, 0x40, 0x40, 0x40, 0x40, 0x40, 0x40, 0x40, 0x40, 
	0x40, 0x40, 0x40, 0xc0, 0x40, 0x40, 0x40, 0x40, 0x40, 0x40, 
	0x40, 0x40, 0x40, 0x40, 0x40, 0x40, 0x40, 0x40, 0x40, 0x40, 
	0x40, 0x40, 0x40, 0x40, 0x40, 0x40, 0x40, 0x40, 0x40, 0x40, 
	0x40, 0x40, 0x40, 0x40, 00, 00, 00, 0x5, 00, 00, 
	0x1, 0x80, 0x2, 00, 0x3, 00, 00, 0x5, 00, 0xb, 
	00, 0x13, 00, 0x1b, 00, 0x23, 00, 00, 0x1, 0x3d, 
	0x1, 0x33, 0x1d, 0x1, 0x21, 0x3d, 0x1, 0x33, 0x1d, 0x1, 
	0x25, 0x2b, 0x1, 0x3d, 0x1, 0x3b, 0x1, 0x15, 0x5, 0x3d, 
	0x1, 0x3b, 0x1, 0x1d, 0x1, 0x23, 0x37, 0x2b, 0x1, 0x3d, 
	0x1, 0x3b, 0x1, 0x15, 0x1, 0xc0, 0x40, 0xfe, 00, 0x40, 
	0x1, 0x80, 0x40, 0x40, 0x40, 0x40, 0xfe, 0x80, 0x40, 0x40, 
	0x40, 0xc0, 0x40, 0x40, 0x40, 0x40, 0x1, 0x80, 0x40, 0x40, 
	0x40, 0x40, 0x40, 0x40, 0x40, 0x40, 0x80, 0x40, 0x40, 0x40, 
	0x40, 0x40, 0x40, 0x40, 0x40, 0x80, 0x40, 0x40, 0x40, 00, 
	00, 0x1, 00, 00, 00, 00, 0x2, 0x40, 00, 0x40, 
	00, 0x13, 00, 00, 0x25, 0x33, 0x15, 0x2b, 0x8, 0x35, 
	0x3b, 0x6, 0x2, 00, 0x40, 0x40, 0x40, 0x40, 0x40, 0x40, 
	0x40, 0x40, 0x40, 0x40, 0x40, 0x40, 0x40, 0x40, 0x40, 0x40, 
	0x40, 0x40, 0x40, 0x40, 00, 0x3, 00, 0x40, 0x2, 0x40, 
	0x1, 00, 0x3, 00, 00, 0x3, 00, 0x7, 00, 0xb, 
	00, 00, 0x13, 0x35, 0x33, 0x15, 0x27, 0x23, 0x35, 0x33, 
	0x2b, 0x1, 0x35, 0x33, 0xc0, 0x40, 0x40, 0x40, 0x40, 0x40, 
	0x40, 0x40, 0x2, 0x40, 0x40, 0x40, 0x40, 0x40, 0x40, 00, 
	00, 00, 00, 0x3, 00, 00, 00, 00, 0x2, 0x40, 
	0x2, 0x40, 00, 0x1f, 00, 0x2d, 00, 0x3f, 00, 00, 
	0x21, 0x2b, 0x5, 0x3d, 0x1, 0x2b, 0x1, 0x3d, 0x1, 0x3b, 
	0x1, 0x3d, 0x1, 0x3b, 0x4, 0x35, 0x3b, 0x1, 0x1d, 0x6, 
	0x27, 0x33, 0x3d, 0x1, 0x2b, 0x4, 0x1d, 0x1, 0x3b, 0x2, 
	0x13, 0x2b, 0x6, 0x3d, 0x1, 0x3b, 0x6, 0x15, 0x2, 00, 
	0x40, 0x40, 0x40, 0x40, 0x40, 0x40, 0x40, 0x40, 0x40, 0x40, 
	0x40, 0x40, 0x40, 0x40, 0x40, 0x40, 0x40, 0xc0, 0x40, 0x40, 
	0x40, 0x40, 0x40, 0x40, 0x40, 0x40, 0x40, 0x80, 0x40, 0x40, 
	0x40, 0x40, 0x40, 0x40, 0x40, 0x40, 0x40, 0x40, 0x40, 0x40, 
	0x40, 0x40, 0x40, 0x40, 0x40, 0x40, 0x40, 0x40, 0x40, 0x40, 
	0x40, 0x40, 0x40, 0x40, 0x40, 0x40, 0x80, 0x40, 0x40, 0x40, 
	0x40, 0x1, 0x40, 0x40, 0x40, 0x40, 00, 0x3, 00, 00, 
	00, 00, 0x2, 0x80, 0x3, 00, 00, 0x2b, 00, 0x37, 
	00, 0x43, 00, 00, 0x21, 0x2b, 0x6, 0x3d, 0xb, 0x3b, 
	0x1, 0x1d, 0x5, 0x3b, 0x1, 0x1d, 0x1, 0x2b, 0x1, 0x1d, 
	0x1, 0x3b, 0x5, 0x1d, 0x1, 0x3d, 0x4, 0x3b, 0x1, 0x1d, 
	0x3, 0x23, 0x3, 0x2b, 0x3, 0x3d, 0x1, 0x3b, 0x3, 0x15, 
	0x1, 0xc0, 0x40, 0x40, 0x40, 0x40, 0x40, 0x40, 0x40, 0x40, 
	0x40, 0x40, 0x40, 0x40, 0x40, 0x40, 0x40, 0x40, 0x40, 0x40, 
	0x40, 0x40, 0x40, 0x40, 0x40, 0x40, 0x40, 0x40, 0x40, 0x40, 
	0x40, 0x40, 0x40, 0x40, 0x40, 0x40, 0x40, 0x40, 0x40, 0x40, 
	0x40, 0x40, 0x40, 0x40, 0x40, 0x40, 0x40, 0x40, 0x40, 0x40, 
	0x40, 0x40, 0x40, 0x40, 0x40, 0x40, 0x40, 0x80, 0x40, 0x40, 
	0x40, 0x40, 0x40, 0x40, 0x40, 0x40, 0x1, 00, 0x40, 0x40, 
	0x40, 00, 00, 00, 00, 0x5, 00, 00, 00, 00, 
	0x2, 0x40, 0x2, 0x40, 00, 0xd, 00, 0x15, 00, 0x23, 
	00, 0x2b, 00, 0x39, 00, 00, 0x21, 0x2b, 0x3, 0x3d, 
	0x1, 0x3b, 0x4, 0x1d, 0x1, 0x3d, 0x2, 0x3b, 0x1, 0x1d, 
	0x1, 0x23, 0x21, 0x2b, 0x1, 0x3d, 0x4, 0x3b, 0x1, 0x1d, 
	0x3, 0x25, 0x23, 0x3d, 0x1, 0x3b, 0x1, 0x1d, 0x1, 0x27, 
	0x2b, 0x4, 0x3d, 0x1, 0x3b, 0x4, 0x15, 0x1, 0x80, 0x40, 
	0x40, 0x40, 0x40, 0x40, 0x40, 0x40, 0x40, 0x40, 0x40, 0x40, 
	0x40, 0xfe, 0x80, 0x40, 0x40, 0x40, 0x40, 0x1, 0x80, 0x40, 
	0x40, 0x40, 0x80, 0x40, 0x40, 0x40, 0x40, 0x40, 0x40, 0x40, 
	0x40, 0x40, 0x40, 0x40, 0x40, 0x40, 0x40, 0x80, 0x40, 0x40, 
	0x40, 0x40, 0x40, 0x40, 0x40, 0x40, 0x40, 0x40, 0x40, 0x40, 
	0x40, 0x80, 0x40, 0x40, 0x40, 0x40, 0x80, 0x40, 0x40, 0x40, 
	00, 00, 00, 0x2, 00, 00, 00, 00, 0x2, 00, 
	0x3, 00, 00, 0x27, 00, 0x39, 00, 00, 0x21, 0x2b, 
	0x6, 0x3d, 0x6, 0x3b, 0x1, 0x3d, 0x1, 0x3b, 0x3, 0x3d, 
	0x2, 0x3b, 0x1, 0x1d, 0xb, 0x27, 0x33, 0x3d, 0x4, 0x2b, 
	0x3, 0x1d, 0x4, 0x3b, 0x1, 0x1, 0xc0, 0x40, 0x40, 0x40, 
	0x40, 0x40, 0x40, 0x40, 0x40, 0x40, 0x40, 0x40, 0x40, 0x40, 
	0x40, 0x40, 0xc0, 0x40, 0x40, 0x40, 0x40, 0x40, 0x40, 0x40, 
	0x40, 0x40, 0x40, 0x40, 0x40, 0x40, 0x40, 0x40, 0x40, 0x40, 
	0x40, 0x40, 0x40, 0x40, 0x40, 0x40, 0x40, 0x40, 0x40, 0x40, 
	0x40, 0x40, 0x40, 0x40, 0x80, 0x40, 0x40, 0x40, 0x40, 0x40, 
	0x40, 0x40, 0x40, 0x40, 0x40, 00, 00, 0x3, 00, 00, 
	00, 00, 0x2, 00, 0x2, 0x40, 00, 0x11, 00, 0x2f, 
	00, 0x39, 00, 00, 0x21, 0x2b, 0x4, 0x3d, 0x1, 0x3b, 
	0x3, 0x35, 0x3b, 0x1, 0x1d, 0x2, 0x25, 0x2b, 0x1, 0x3d, 
	0x4, 0x3b, 0x1, 0x3d, 0x1, 0x3b, 0x5, 0x1d, 0x3, 0x2b, 
	0x1, 0x15, 0x2b, 0x3, 0x15, 0x37, 0x33, 0x35, 0x2b, 0x3, 
	0x15, 0x3b, 0x1, 0x1, 0xc0, 0x40, 0x40, 0x40, 0x40, 0x40, 
	0x40, 0x40, 0x40, 0x40, 0x40, 0x40, 0xfe, 0x80, 0x40, 0x40, 
	0x40, 0x40, 0x40, 0x40, 0x40, 0x40, 0x40, 0x40, 0x40, 0x40, 
	0x40, 0x40, 0x40, 0x40, 0xc0, 0x40, 0x40, 0x40, 0x40, 0x40, 
	0x40, 0x40, 0x40, 0x40, 0x40, 0x40, 0x40, 0x40, 0x80, 0x40, 
	0x40, 0x40, 0x40, 0x40, 0x40, 0x40, 0x40, 0x40, 0x40, 0x40, 
	0x40, 0x40, 0xc0, 0x40, 0x40, 00, 00, 0x1, 00, 00, 
	00, 00, 0x2, 00, 0x3, 00, 00, 0x2d, 00, 00, 
	0x33, 0x23, 0x3d, 0x6, 0x2b, 0x1, 0x3d, 0x1, 0x3b, 0x1, 
	0x3d, 0x2, 0x3b, 0x4, 0x1d, 0x1, 0x2b, 0x2, 0x15, 0x3b, 
	0x3, 0x1d, 0x1, 0x2b, 0x3, 0x1d, 0x6, 0xc0, 0x40, 0x40, 
	0x40, 0x40, 0x40, 0x40, 0x40, 0x40, 0x40, 0x40, 0x40, 0x40, 
	0x40, 0x40, 0x40, 0x40, 0x40, 0x40, 0x40, 0x40, 0x40, 0x40, 
	0x40, 0x40, 0x40, 0x40, 0x40, 0x40, 0x40, 0x40, 0x40, 0x40, 
	0x40, 0x40, 0x40, 0x40, 0x40, 0x40, 0x40, 0x40, 0x40, 0x40, 
	0x40, 0x40, 0x40, 00, 00, 0x4, 00, 00, 0xff, 00, 
	0x2, 00, 0x2, 0x40, 00, 0xb, 00, 0x31, 00, 0x39, 
	00, 0x45, 00, 00, 0x1, 0x2b, 0x2, 0x3d, 0x1, 0x3b, 
	0x3, 0x1d, 0x1, 0x3d, 0x5, 0x2b, 0x3, 0x3d, 0x1, 0x2b, 
	0x1, 0x3d, 0x1, 0x3b, 0x1, 0x3d, 0x1, 0x3b, 0x5, 0x1d, 
	0xa, 0x23, 0x21, 0x2b, 0x1, 0x3d, 0x1, 0x3b, 0x1, 0x15, 
	0x13, 0x33, 0x3d, 0x1, 0x2b, 0x3, 0x1d, 0x1, 0x3b, 0x1, 
	0x1, 0x40, 0x40, 0x40, 0x40, 0x40, 0x40, 0x40, 0x40, 0x40, 
	0x40, 0x40, 0x40, 0x40, 0x40, 0x40, 0x40, 0x40, 0x40, 0x40, 
	0x40, 0x40, 0x40, 0x40, 0xfe, 0xc0, 0x40, 0x40, 0x40, 0x40, 
	0xc0, 0x40, 0x40, 0x40, 0x40, 0x40, 0x40, 0x40, 0xff, 00, 
	0x40, 0x40, 0x40, 0x40, 0x80, 0x40, 0x40, 0x40, 0x40, 0x40, 
	0x40, 0x40, 0x40, 0x40, 0x40, 0x40, 0x40, 0x40, 0x40, 0x40, 
	0x40, 0x40, 0x40, 0x40, 0x40, 0x40, 0x40, 0x40, 0x40, 0x40, 
	0x1, 0x80, 0x40, 0x40, 0x40, 0x40, 00, 00, 00, 0x3, 
	00, 00, 00, 00, 0x2, 00, 0x3, 00, 00, 0xf, 
	00, 0x2f, 00, 0x37, 00, 00, 0x21, 0x23, 0x3d, 0x5, 
	0x3b, 0x1, 0x1d, 0x5, 0x21, 0x23, 0x3d, 0xb, 0x3b, 0x1, 
	0x1d, 0x5, 0x3b, 0x1, 0x1d, 0x1, 0x2b, 0x1, 0x1d, 0x3, 
	0x1, 0x2b, 0x1, 0x3d, 0x1, 0x3b, 0x1, 0x15, 0x1, 0xc0, 
	0x40, 0x40, 0x40, 0xfe, 0x40, 0x40, 0x40, 0x40, 0x40, 0x40, 
	0x40, 0x40, 0x1, 00, 0x40, 0x40, 0x40, 0x40, 0x40, 0x40, 
	0x40, 0x40, 0x40, 0x40, 0x40, 0x40, 0x40, 0x40, 0x40, 0x40, 
	0x40, 0x40, 0x40, 0x40, 0x40, 0x40, 0x40, 0x40, 0x40, 0x40, 
	0x40, 0x40, 0x40, 0x40, 0x40, 0x40, 0x40, 0x40, 0x40, 0x40, 
	0x40, 0x40, 0x40, 0x40, 0x1, 0x80, 0x40, 0x40, 0x40, 00, 
	00, 0x2, 00, 00, 00, 00, 00, 0x80, 0x3, 00, 
	00, 0x15, 00, 0x1d, 00, 00, 0x33, 0x23, 0x3d, 0x8, 
	0x3b, 0x1, 0x1d, 0x8, 0x3, 0x23, 0x3d, 0x1, 0x3b, 0x1, 
	0x1d, 0x1, 0x40, 0x40, 0x40, 0x40, 0x40, 0x40, 0x40, 0x40, 
	0x40, 0x40, 0x40, 0x40, 0x40, 0x40, 0x40, 0x40, 0x40, 0x40, 
	0x40, 0x40, 0x40, 0x40, 0x40, 0x40, 0x40, 0x40, 0x2, 0x80, 
	0x40, 0x40, 0x40, 0x40, 00, 0x4, 00, 00, 0xff, 0x80, 
	0x1, 0xc0, 0x2, 0x80, 00, 0x9, 00, 0x1b, 00, 0x23, 
	00, 0x2b, 00, 00, 0x5, 0x2b, 0x1, 0x3d, 0x1, 0x3b, 
	0x2, 0x1d, 0x1, 0x3d, 0x7, 0x3b, 0x1, 0x1d, 0x6, 0x23, 
	0x21, 0x2b, 0x1, 0x3d, 0x1, 0x3b, 0x1, 0x15, 0x1, 0x23, 
	0x3d, 0x1, 0x3b, 0x1, 0x1d, 0x1, 0x1, 00, 0x40, 0x40, 
	0x40, 0x40, 0x40, 0x40, 0x40, 0x40, 0xff, 00, 0x40, 0x40, 
	0x40, 0x40, 0x1, 00, 0x40, 0x40, 0x40, 0x80, 0x40, 0x40, 
	0x40, 0x40, 0x80, 0x40, 0x40, 0x40, 0x40, 0x40, 0x40, 0x40, 
	0x40, 0x40, 0x40, 0x40, 0x40, 0x40, 0x40, 0x40, 0x40, 0x40, 
	0x1, 0xc0, 0x40, 0x40, 0x40, 0x40, 00, 00, 00, 0x4, 
	00, 00, 00, 00, 0x2, 00, 0x3, 00, 00, 0x7, 
	00, 0x2f, 00, 0x37, 00, 0x3f, 00, 00, 0x21, 0x23, 
	0x3d, 0x1, 0x3b, 0x1, 0x1d, 0x1, 0x21, 0x23, 0x3d, 0xb, 
	0x3b, 0x1, 0x1d, 0x5, 0x3b, 0x1, 0x1d, 0x1, 0x3b, 0x1, 
	0x1d, 0x1, 0x2b, 0x1, 0x3d, 0x1, 0x2b, 0x1, 0x1d, 0x3, 
	0x13, 0x3d, 0x1, 0x3b, 0x1, 0x1d, 0x1, 0x23, 0x37, 0x3d, 
	0x1, 0x3b, 0x1, 0x1d, 0x1, 0x23, 0x1, 0xc0, 0x40, 0x40, 
	0x40, 0xfe, 0x40, 0x40, 0x40, 0x40, 0x40, 0x40, 0x40, 0x40, 
	0x40, 0x40, 0x40, 0x40, 0x80, 0x40, 0x40, 0x40, 0x40, 0x40, 
	0x40, 0x40, 0x40, 0x40, 0x40, 0x40, 0x40, 0x40, 0x40, 0x40, 
	0x40, 0x40, 0x40, 0x40, 0x40, 0x40, 0x40, 0x40, 0x40, 0x40, 
	0x40, 0x40, 0x40, 0x40, 0x40, 0x40, 0x40, 0x40, 0x40, 0x40, 
	0x40, 0x40, 0x40, 0x40, 0x1, 0x80, 0x40, 0x40, 0x40, 0x40, 
	0x80, 0x40, 0x40, 0x40, 0x40, 00, 00, 00, 00, 0x1, 
	00, 00, 00, 00, 00, 0x80, 0x3, 00, 00, 0x1b, 
	00, 00, 0x33, 0x23, 0x3d, 0xb, 0x3b, 0x1, 0x1d, 0xb, 
	0x40, 0x40, 0x40, 0x40, 0x40, 0x40, 0x40, 0x40, 0x40, 0x40, 
	0x40, 0x40, 0x40, 0x40, 0x40, 0x40, 0x40, 0x40, 0x40, 0x40, 
	0x40, 0x40, 0x40, 0x40, 0x40, 0x40, 0x40, 0x40, 00, 00, 
	00, 0x4, 00, 00, 00, 00, 0x3, 0x80, 0x2, 0x40, 
	00, 0x11, 00, 0x23, 00, 0x41, 00, 0x4d, 00, 00, 
	0x21, 0x23, 0x3d, 0x6, 0x3b, 0x1, 0x1d, 0x6, 0x21, 0x23, 
	0x3d, 0x6, 0x3b, 0x1, 0x1d, 0x6, 0x21, 0x23, 0x3d, 0x8, 
	0x3b, 0x5, 0x1d, 0x1, 0x2b, 0x3, 0x1d, 0x6, 0x1, 0x2b, 
	0x3, 0x3d, 0x1, 0x3b, 0x3, 0x15, 0x3, 0x40, 0x40, 0x40, 
	0x40, 0xfe, 0x40, 0x40, 0x40, 0x40, 0xfe, 0x40, 0x40, 0x40, 
	0x40, 0x40, 0x40, 0x40, 0x40, 0x40, 0x40, 0x40, 0x40, 0x2, 
	0x80, 0x40, 0x40, 0x40, 0x40, 0x40, 0x40, 0x40, 0x40, 0x40, 
	0x40, 0x40, 0x40, 0x40, 0x40, 0x40, 0x40, 0x40, 0x40, 0x40, 
	0x40, 0x40, 0x40, 0x40, 0x40, 0x40, 0x40, 0x40, 0x40, 0x40, 
	0x40, 0x40, 0x40, 0x40, 0x40, 0x40, 0x40, 0x40, 0x40, 0x40, 
	0x40, 0x40, 0x40, 0x40, 0x40, 0x40, 0x40, 0x40, 0x40, 0x40, 
	0x40, 0x40, 0x40, 0x40, 0x40, 0x1, 0xc0, 0x40, 0x40, 0x40, 
	00, 0x2, 00, 00, 00, 00, 0x2, 0x40, 0x2, 0x40, 
	00, 0x11, 00, 0x31, 00, 00, 0x21, 0x23, 0x3d, 0x6, 
	0x3b, 0x1, 0x1d, 0x6, 0x21, 0x23, 0x3d, 0x8, 0x3b, 0x6, 
	0x1d, 0x1, 0x2b, 0x4, 0x1d, 0x6, 0x2, 00, 0x40, 0x40, 
	0x40, 0xfe, 00, 0x40, 0x40, 0x40, 0x40, 0x40, 0x40, 0x40, 
	0x40, 0x40, 0x40, 0x40, 0x40, 0x40, 0x40, 0x40, 0x40, 0x40, 
	0x40, 0x40, 0x40, 0x40, 0x40, 0x40, 0x40, 0x40, 0x40, 0x40, 
	0x40, 0x40, 0x40, 0x40, 0x40, 0x40, 0x40, 0x40, 0x40, 0x40, 
	0x40, 0x40, 0x40, 0x40, 0x40, 0x40, 0x40, 0x40, 00, 0x4, 
	00, 00, 00, 00, 0x2, 00, 0x2, 0x40, 00, 0xb, 
	00, 0x19, 00, 0x27, 00, 0x33, 00, 00, 0x21, 0x2b, 
	0x2, 0x3d, 0x1, 0x3b, 0x3, 0x1d, 0x1, 0x3d, 0x5, 0x3b, 
	0x1, 0x1d, 0x4, 0x23, 0x21, 0x2b, 0x1, 0x3d, 0x4, 0x3b, 
	0x1, 0x1d, 0x3, 0x1, 0x2b, 0x3, 0x3d, 0x1, 0x3b, 0x3, 
	0x15, 0x1, 0x40, 0x40, 0x40, 0x40, 0x40, 0x40, 0x40, 0x40, 
	0x40, 0x40, 0x40, 0xfe, 0xc0, 0x40, 0x40, 0x40, 0x40, 0x1, 
	00, 0x40, 0x40, 0x40, 0x40, 0x40, 0x40, 0x40, 0x40, 0x40, 
	0x40, 0x40, 0x40, 0x80, 0x40, 0x40, 0x40, 0x40, 0x40, 0x40, 
	0x40, 0x40, 0x40, 0x40, 0x40, 0x40, 0x40, 0x40, 0x40, 0x40, 
	0x40, 0x40, 0x40, 0x1, 00, 0x40, 0x40, 0x40, 00, 00, 
	00, 0x3, 00, 00, 0xff, 0x40, 0x2, 0x40, 0x2, 0x40, 
	00, 0x29, 00, 0x35, 00, 0x3f, 00, 00, 0x17, 0x23, 
	0x3d, 0xb, 0x3b, 0x1, 0x1d, 0x1, 0x3b, 0x1, 0x1d, 0x1, 
	0x2b, 0x1, 0x1d, 0x1, 0x3b, 0x4, 0x1d, 0x1, 0x2b, 0x4, 
	0x1d, 0x3, 0x1, 0x3d, 0x3, 0x3b, 0x1, 0x1d, 0x3, 0x23, 
	0x3, 0x2b, 0x2, 0x3d, 0x1, 0x3b, 0x2, 0x15, 0x40, 0x40, 
	0x40, 0x40, 0x40, 0x40, 0x40, 0x40, 0x40, 0x40, 0x40, 0x40, 
	0x40, 0x40, 0x40, 0x40, 0x40, 0x40, 0x1, 0x40, 0x40, 0x40, 
	0x40, 0x40, 0x40, 0x40, 0x40, 0x40, 0x40, 0x40, 0xc0, 0x40, 
	0x40, 0x40, 0x40, 0x40, 0x40, 0x40, 0x40, 0x40, 0x40, 0x40, 
	0x40, 0x40, 0x40, 0x40, 0x40, 0x40, 0x40, 0x40, 0x40, 0x40, 
	0x40, 0x40, 0x40, 0x1, 0x80, 0x40, 0x40, 0x40, 0x40, 0x40, 
	0x40, 0x40, 0x40, 0x1, 00, 0x40, 0x40, 0x40, 00, 0x2, 
	00, 00, 0xff, 0x40, 0x2, 00, 0x2, 0x40, 00, 0x29, 
	00, 0x3b, 00, 00, 0x5, 0x23, 0x3d, 0x2, 0x2b, 0x3, 
	0x3d, 0x1, 0x2b, 0x1, 0x3d, 0x4, 0x3b, 0x1, 0x3d, 0x1, 
	0x3b, 0x2, 0x15, 0x33, 0x35, 0x3b, 0x1, 0x1d, 0xb, 0x3, 
	0x33, 0x3d, 0x3, 0x23, 0x35, 0x2b, 0x2, 0x1d, 0x4, 0x3b, 
	0x1, 0x1, 0xc0, 0x40, 0x40, 0x40, 0x40, 0x40, 0x40, 0x40, 
	0x40, 0x40, 0x40, 0x40, 0x40, 0x40, 0x40, 0x40, 0xc0, 0x40, 
	0x40, 0x40, 0x40, 0x40, 0x40, 0x40, 0xc0, 0x40, 0x40, 0x40, 
	0x40, 0x40, 0x40, 0x40, 0x40, 0x40, 0x40, 0x40, 0x40, 0x40, 
	0x40, 0x40, 0x40, 0x40, 0x40, 0x40, 0x40, 0x40, 0x40, 0x40, 
	0x40, 0x40, 0x40, 0x1, 0x40, 0x40, 0x40, 0x40, 0x40, 0x40, 
	0x40, 0x40, 0x40, 0x40, 0x40, 00, 00, 00, 00, 0x1, 
	00, 00, 00, 00, 0x1, 0xc0, 0x2, 0x40, 00, 0x23, 
	00, 00, 0x1, 0x35, 0x2b, 0x2, 0x15, 0x23, 0x1d, 0x5, 
	0x2b, 0x1, 0x3d, 0x8, 0x3b, 0x1, 0x15, 0x33, 0x35, 0x3b, 
	0x2, 0x15, 0x33, 0x1d, 0x1, 0x1, 0x80, 0x40, 0x40, 0x40, 
	0x40, 0x40, 0x40, 0x40, 0x40, 0x40, 0x40, 0x40, 0x40, 0x40, 
	0x1, 0x80, 0x40, 0x40, 0x40, 0x40, 0x40, 0x40, 0x40, 0x40, 
	0x40, 0x40, 0x40, 0x40, 0x40, 0x40, 0x40, 0x40, 0x40, 0x40, 
	0x40, 0x40, 0x40, 0x40, 00, 0x5, 00, 00, 00, 00, 
	0x1, 0xc0, 0x2, 0x80, 00, 0xd, 00, 0x15, 00, 0x1f, 
	00, 0x27, 00, 0x35, 00, 00, 0x21, 0x2b, 0x3, 0x3d, 
	0x1, 0x3b, 0x4, 0x1d, 0x1, 0x3d, 0x2, 0x3b, 0x1, 0x1d, 
	0x1, 0x23, 0x27, 0x2b, 0x2, 0x3d, 0x1, 0x3b, 0x2, 0x15, 
	0x27, 0x2b, 0x1, 0x3d, 0x1, 0x3b, 0x1, 0x15, 0x25, 0x2b, 
	0x3, 0x3d, 0x1, 0x3b, 0x4, 0x1d, 0x1, 0x1, 00, 0x40, 
	0x40, 0x40, 0x40, 0x40, 0x40, 0x40, 0x40, 0x40, 0x40, 0x40, 
	0x40, 0x40, 0x40, 0x40, 0x40, 0x40, 0x40, 0x40, 0xc0, 0x40, 
	0x40, 0x40, 0x40, 0x1, 00, 0x40, 0x40, 0x40, 0x40, 0x40, 
	0x40, 0x40, 0x40, 0x40, 0x40, 0x40, 0x40, 0x40, 0x80, 0x40, 
	0x40, 0x40, 0x40, 0x80, 0x40, 0x40, 0x40, 0x40, 0x40, 0x40, 
	0x40, 0x40, 0x40, 0x40, 0x40, 0x40, 00, 00, 00, 0x2, 
	00, 00, 00, 00, 0x1, 0x40, 0x2, 0xc0, 00, 0x7, 
	00, 0x21, 00, 00, 0x21, 0x23, 0x3d, 0x1, 0x3b, 0x1, 
	0x1d, 0x1, 0x27, 0x2b, 0x1, 0x3d, 0x4, 0x23, 0x3d, 0x1, 
	0x33, 0x3d, 0x1, 0x3b, 0x1, 0x1d, 0x1, 0x33, 0x1d, 0x1, 
	0x23, 0x1d, 0x3, 0x1, 00, 0x40, 0x40, 0x40, 0x80, 0x40, 
	0x40, 0x40, 0x40, 0x40, 0x40, 0x40, 0x40, 0x40, 0x40, 0x40, 
	0x40, 0x80, 0x40, 0x40, 0x40, 0x40, 0x40, 0x40, 0x40, 0x40, 
	0x40, 0x40, 0x40, 0x40, 0x40, 0x40, 0x40, 0x40, 0x40, 00, 
	00, 00, 00, 0x2, 00, 00, 00, 00, 0x2, 00, 
	0x2, 0x40, 00, 0x1d, 00, 0x2f, 00, 00, 0x21, 0x2b, 
	0x4, 0x3d, 0x1, 0x3b, 0x3, 0x3d, 0x6, 0x3b, 0x1, 0x1d, 
	0x8, 0x25, 0x2b, 0x1, 0x3d, 0x6, 0x3b, 0x1, 0x1d, 0x5, 
	0x1, 0xc0, 0x40, 0x40, 0x40, 0x40, 0x40, 0x40, 0x40, 0x40, 
	0x40, 0x40, 0x40, 0xfe, 0x80, 0x40, 0x40, 0x40, 0x40, 0x40, 
	0x40, 0x40, 0x40, 0x40, 0x40, 0x40, 0x40, 0x40, 0x40, 0x40, 
	0x40, 0x40, 0x40, 0x40, 0x40, 0x40, 0x40, 0x80, 0x40, 0x40, 
	0x40, 0x40, 0x40, 0x40, 0x40, 0x40, 0x40, 0x40, 0x40, 0x40, 
	0x40, 00, 00, 00, 00, 0x5, 00, 00, 00, 00, 
	0x2, 0x80, 0x1, 0xc0, 00, 0x7, 00, 0xf, 00, 0x17, 
	00, 0x21, 00, 0x2b, 00, 00, 0x21, 0x23, 0x3d, 0x1, 
	0x3b, 0x1, 0x1d, 0x1, 0x3d, 0x2, 0x3b, 0x1, 0x1d, 0x1, 
	0x2b, 0x3, 0x3d, 0x1, 0x3b, 0x1, 0x15, 0x25, 0x3d, 0x2, 
	0x3b, 0x1, 0x1d, 0x2, 0x23, 0x21, 0x2b, 0x1, 0x3d, 0x2, 
	0x3b, 0x1, 0x1d, 0x1, 0x1, 0x40, 0x40, 0x40, 0x40, 0x40, 
	0x40, 0x40, 0xc0, 0x40, 0x40, 0x40, 0x40, 0x1, 00, 0x40, 
	0x40, 0x40, 0xfe, 0x40, 0x40, 0x40, 0x40, 0x40, 0x40, 0x40, 
	0x40, 0x40, 0x80, 0x40, 0x40, 0x40, 0x40, 0x40, 0x40, 0x40, 
	0x40, 0x40, 0x40, 0x40, 0x40, 0x40, 0x40, 0x40, 0x40, 0x40, 
	0x40, 0x40, 00, 0x2, 00, 00, 00, 00, 0x2, 0xc0, 
	0x2, 00, 00, 0x27, 00, 0x37, 00, 00, 0x21, 0x2b, 
	0x7, 0x3d, 0x1, 0x3b, 0x2, 0x3d, 0x2, 0x3b, 0x1, 0x1d, 
	0x2, 0x3b, 0x1, 0x3d, 0x5, 0x3b, 0x1, 0x1d, 0x7, 0x25, 
	0x2b, 0x1, 0x3d, 0x5, 0x3b, 0x1, 0x1d, 0x4, 0x2, 0x80, 
	0x40, 0x40, 0x40, 0x40, 0x40, 0x40, 0x40, 0x40, 0x40, 0x40, 
	0x40, 0x40, 0x40, 0x40, 0x40, 0x40, 0x40, 0xfd, 0xc0, 0x40, 
	0x40, 0x40, 0x40, 0x40, 0x40, 0x40, 0x40, 0x40, 0x40, 0x40, 
	0x40, 0x40, 0x40, 0x40, 0x40, 0x40, 0x40, 0x40, 0x40, 0x40, 
	0x40, 0x40, 0x40, 0x40, 0x40, 0x80, 0x40, 0x40, 0x40, 0x40, 
	0x40, 0x40, 0x40, 0x40, 0x40, 0x40, 0x40, 00, 00, 00, 
	00, 0x9, 00, 00, 00, 00, 0x2, 0x80, 0x2, 0x80, 
	00, 0x7, 00, 0xf, 00, 0x17, 00, 0x1f, 00, 0x27, 
	00, 0x2f, 00, 0x37, 00, 0x3f, 00, 0x47, 00, 00, 
	0x21, 0x23, 0x3d, 0x1, 0x3b, 0x1, 0x1d, 0x1, 0x21, 0x23, 
	0x3d, 0x1, 0x3b, 0x1, 0x1d, 0x1, 0x25, 0x2b, 0x1, 0x3d, 
	0x1, 0x3b, 0x1, 0x15, 0x5, 0x3d, 0x1, 0x3b, 0x1, 0x1d, 
	0x1, 0x23, 0x37, 0x2b, 0x1, 0x3d, 0x1, 0x3b, 0x1, 0x15, 
	0x3d, 0x2, 0x3b, 0x1, 0x1d, 0x1, 0x2b, 0x3, 0x3d, 0x1, 
	0x3b, 0x1, 0x15, 0x25, 0x3d, 0x1, 0x3b, 0x1, 0x1d, 0x1, 
	0x23, 0x21, 0x2b, 0x1, 0x3d, 0x1, 0x3b, 0x1, 0x15, 0x2, 
	0x40, 0x40, 0x40, 0x40, 0xfd, 0xc0, 0x40, 0x40, 0x40, 0x1, 
	0x80, 0x40, 0x40, 0x40, 0x40, 0xfe, 0x80, 0x40, 0x40, 0x40, 
	0xc0, 0x40, 0x40, 0x40, 0x40, 0x40, 0x40, 0x40, 0xc0, 0x40, 
	0x40, 0x40, 0x40, 0x1, 00, 0x40, 0x40, 0x40, 0xfe, 0x40, 
	0x40, 0x40, 0x40, 0x40, 0x40, 0x40, 0x40, 0x40, 0x40, 0x40, 
	0x40, 0x40, 0x80, 0x40, 0x40, 0x40, 0x40, 0x40, 0x40, 0x40, 
	0x40, 0x80, 0x40, 0x40, 0x40, 0x40, 0x40, 0x40, 0x40, 0x40, 
	0x40, 0x40, 0x40, 0x40, 0x40, 0x40, 0x40, 0x40, 0x40, 0x40, 
	0x40, 00, 00, 00, 00, 0x3, 00, 00, 0xff, 0x80, 
	0x2, 00, 0x2, 0x40, 00, 0xf, 00, 0x2d, 00, 0x3b, 
	00, 00, 0x5, 0x2b, 0x4, 0x3d, 0x1, 0x3b, 0x5, 0x1d, 
	0x1, 0x3d, 0x2, 0x2b, 0x3, 0x3d, 0x1, 0x3b, 0x3, 0x3d, 
	0x4, 0x3b, 0x1, 0x1d, 0x8, 0x23, 0x1, 0x2b, 0x1, 0x3d, 
	0x4, 0x3b, 0x1, 0x1d, 0x3, 0x1, 0x40, 0x40, 0x40, 0x40, 
	0x40, 0x40, 0x40, 0x40, 0x40, 0x40, 0x40, 0x40, 0x40, 0x40, 
	0x40, 0x40, 0x40, 0x40, 0x40, 0x40, 0x40, 0x40, 0x40, 0xfe, 
	0xc0, 0x40, 0x40, 0x40, 0x40, 0x80, 0x40, 0x40, 0x40, 0x40, 
	0x80, 0x40, 0x40, 0x40, 0x40, 0x40, 0x40, 0x40, 0x40, 0x40, 
	0x40, 0x40, 0x40, 0x40, 0x40, 0x40, 0x40, 0x40, 0x40, 0x1, 
	00, 0x40, 0x40, 0x40, 0x40, 0x40, 0x40, 0x40, 0x40, 0x40, 
	00, 0x3, 00, 00, 00, 00, 0x2, 00, 0x2, 0x80, 
	00, 0x17, 00, 0x1f, 00, 0x37, 00, 00, 0x21, 0x2b, 
	0x6, 0x3d, 0x1, 0x33, 0x3d, 0x1, 0x3b, 0x1, 0x1d, 0x1, 
	0x3b, 0x4, 0x1d, 0x1, 0x1, 0x3d, 0x1, 0x3b, 0x1, 0x1d, 
	0x1, 0x23, 0x37, 0x3d, 0x1, 0x2b, 0x4, 0x3d, 0x1, 0x3b, 
	0x7, 0x1d, 0x1, 0x23, 0x1d, 0x1, 0x23, 0x1, 0xc0, 0x40, 
	0x40, 0x40, 0x40, 0x40, 0x40, 0x40, 0x40, 0x40, 0x40, 0x40, 
	0x40, 0x40, 0x40, 0x40, 0xfe, 0xc0, 0x40, 0x40, 0x40, 0x40, 
	0x40, 0x40, 0x40, 0x40, 0x40, 0x40, 0x40, 0x40, 0x40, 0x40, 
	0x40, 0x40, 0x40, 0x40, 0x40, 0x40, 0x40, 0x40, 0x40, 0x40, 
	0x40, 0x40, 0x40, 0x1, 00, 0x40, 0x40, 0x40, 0x40, 0x80, 
	0x40, 0x40, 0x40, 0x40, 0x40, 0x40, 0x40, 0x40, 00, 00, 
	00, 0x3, 00, 00, 0xff, 00, 0x1, 0x40, 0x3, 00, 
	00, 0x7, 00, 0x27, 00, 0x2f, 00, 00, 0x1, 0x23, 
	0x3d, 0x1, 0x3b, 0x1, 0x1d, 0x1, 0x27, 0x2b, 0x1, 0x3d, 
	0x5, 0x23, 0x35, 0x33, 0x3d, 0x4, 0x3b, 0x1, 0x1d, 0x4, 
	0x23, 0x15, 0x33, 0x1d, 0x4, 0x11, 0x3d, 0x1, 0x3b, 0x1, 
	0x1d, 0x1, 0x23, 0x1, 00, 0x40, 0x40, 0x40, 0x80, 0x40, 
	0x40, 0x40, 0x40, 0x40, 0x40, 0x40, 0x40, 0x40, 0x40, 0x40, 
	0xff, 00, 0x40, 0x40, 0x40, 0x40, 0x80, 0x40, 0x40, 0x40, 
	0x40, 0x40, 0x40, 0x40, 0x40, 0x40, 0x40, 0x40, 0x40, 0x40, 
	0x40, 0x40, 0x40, 0x40, 0x40, 0x40, 0x40, 0x40, 0x40, 0x40, 
	0x2, 0xc0, 0x40, 0x40, 0x40, 0x40, 00, 00, 00, 0x1, 
	00, 00, 0xff, 00, 00, 0x80, 0x3, 00, 00, 0x23, 
	00, 00, 0x13, 0x23, 0x3d, 0xf, 0x3b, 0x1, 0x1d, 0xf, 
	0x40, 0x40, 0x40, 0x40, 0xff, 00, 0x40, 0x40, 0x40, 0x40, 
	0x40, 0x40, 0x40, 0x40, 0x40, 0x40, 0x40, 0x40, 0x40, 0x40, 
	0x40, 0x40, 0x40, 0x40, 0x40, 0x40, 0x40, 0x40, 0x40, 0x40, 
	0x40, 0x40, 0x40, 0x40, 0x40, 0x40, 0x40, 0x40, 00, 0x3, 
	00, 00, 0xff, 00, 0x1, 0x40, 0x3, 00, 00, 0x7, 
	00, 0x27, 00, 0x2f, 00, 00, 0x13, 0x23, 0x3d, 0x1, 
	0x3b, 0x1, 0x1d, 0x1, 0x3d, 0x6, 0x33, 0x35, 0x23, 0x3d, 
	0x4, 0x3b, 0x1, 0x1d, 0x4, 0x33, 0x15, 0x23, 0x1d, 0x5, 
	0x23, 0x3, 0x2b, 0x1, 0x3d, 0x1, 0x3b, 0x1, 0x15, 0x40, 
	0x40, 0x40, 0x40, 0x40, 0x40, 0x40, 0x40, 0x40, 0x40, 0x40, 
	0x40, 0x40, 0x40, 0x40, 0x40, 0xff, 00, 0x40, 0x40, 0x40, 
	0x40, 0x80, 0x40, 0x40, 0x40, 0x40, 0x40, 0x40, 0x40, 0x40, 
	0x40, 0x40, 0x40, 0x40, 0x40, 0x40, 0x40, 0x40, 0x40, 0x40, 
	0x40, 0x40, 0x40, 0x40, 0x40, 0x40, 0x3, 00, 0x40, 0x40, 
	0x40, 00, 00, 0x4, 00, 00, 0x1, 0x40, 0x2, 0x80, 
	0x1, 0xc0, 00, 0x7, 00, 0xd, 00, 0x13, 00, 0x1b, 
	00, 00, 0x1, 0x33, 0x15, 0x2b, 0x2, 0x35, 0x33, 0x21, 
	0x33, 0x15, 0x2b, 0x1, 0x35, 0x25, 0x33, 0x15, 0x2b, 0x1, 
	0x35, 0x7, 0x2b, 0x2, 0x35, 0x3b, 0x2, 0x1, 0xc0, 0x40, 
	0x40, 0x40, 0x40, 0x40, 0xfe, 0xc0, 0x40, 0x40, 0x40, 0x2, 
	0x40, 0x40, 0x40, 0x40, 0xc0, 0x40, 0x40, 0x40, 0x40, 0x40, 
	0x40, 0x1, 0x80, 0x40, 0x40, 0x40, 0x40, 0x40, 0x40, 0x40, 
	0x40, 0x40, 00, 0x2, 00, 0x40, 0xff, 0x40, 0x1, 0x40, 
	0x2, 00, 00, 0x17, 00, 0x1f, 00, 00, 0x5, 0x2b, 
	0x2, 0x35, 0x33, 0x3d, 0x6, 0x3b, 0x1, 0x1d, 0x6, 0x33, 
	0x15, 0x3, 0x23, 0x3d, 0x1, 0x3b, 0x1, 0x1d, 0x1, 0x1, 
	00, 0x40, 0x40, 0x40, 0x40, 0x40, 0x40, 0x40, 0x80, 0x40, 
	0x40, 0x40, 0xc0, 0x40, 0x40, 0x40, 0x40, 0x40, 0x40, 0x40, 
	0x40, 0x40, 0x40, 0x40, 0x40, 0x40, 0x40, 0x40, 0x40, 0x2, 
	0x40, 0x40, 0x40, 0x40, 0x40, 00, 00, 00, 00, 0x8, 
	00, 00, 0xff, 0x40, 0x2, 00, 0x3, 00, 00, 0x5, 
	00, 0x9, 00, 0x25, 00, 0x2d, 00, 0x33, 00, 0x37, 
	00, 0x4b, 00, 0x51, 00, 00, 0x15, 0x3d, 0x1, 0x33, 
	0x1d, 0x1, 0x3d, 0x1, 0x33, 0x15, 0x37, 0x2b, 0x2, 0x3d, 
	0x1, 0x2b, 0x1, 0x3d, 0x5, 0x3b, 0x1, 0x1d, 0x4, 0x33, 
	0x15, 0x3b, 0x2, 0x1d, 0x1, 0x3d, 0x2, 0x3b, 0x1, 0x1d, 
	0x1, 0x23, 0x25, 0x3d, 0x1, 0x33, 0x1d, 0x1, 0x3d, 0x1, 
	0x33, 0x15, 0x37, 0x2b, 0x1, 0x3d, 0x1, 0x2b, 0x2, 0x3d, 
	0x1, 0x3b, 0x3, 0x1d, 0x1, 0x3b, 0x1, 0x1d, 0x1, 0x3, 
	0x3d, 0x1, 0x33, 0x1d, 0x1, 0x40, 0x40, 0xc0, 0x40, 0x40, 
	0x40, 0x40, 0x40, 0x40, 0x40, 0x40, 0x40, 0x40, 0x40, 0x40, 
	0x40, 0x40, 0xff, 00, 0x40, 0x40, 0x80, 0x40, 0x40, 0x40, 
	0x40, 0x40, 0x40, 0x40, 0x40, 0x40, 0x40, 0x40, 0x80, 0x40, 
	0xc0, 0x40, 0x40, 0x40, 0x40, 0x80, 0x40, 0x40, 0x40, 0x40, 
	0x40, 0x40, 0x40, 0x40, 0x40, 0x40, 0x40, 0x40, 0x40, 0x40, 
	0x40, 0x40, 0x40, 0x40, 0x40, 0x80, 0x40, 0x40, 0x40, 0x40, 
	0x40, 0x40, 0x40, 0x40, 0x40, 0x80, 0x40, 0x40, 0x40, 0x40, 
	0x40, 0x40, 0x40, 0x40, 0x40, 0x40, 0x40, 0x1, 00, 0x40, 
	0x40, 0x40, 0x40, 00, 00, 00, 00, 0x1, 00, 00, 
	00, 00, 0x2, 00, 0x3, 00, 00, 0x3f, 00, 00, 
	0x21, 0x2b, 0x6, 0x3d, 0x1, 0x33, 0x35, 0x33, 0x3d, 0x1, 
	0x2b, 0x1, 0x3d, 0x1, 0x33, 0x3d, 0x2, 0x33, 0x35, 0x33, 
	0x35, 0x3b, 0x2, 0x15, 0x33, 0x15, 0x33, 0x1d, 0x1, 0x2b, 
	0x1, 0x3d, 0x1, 0x2b, 0x2, 0x1d, 0x2, 0x3b, 0x2, 0x1d, 
	0x1, 0x2b, 0x1, 0x1d, 0x1, 0x23, 0x15, 0x3b, 0x4, 0x1d, 
	0x1, 0x1, 0xc0, 0x40, 0x40, 0x40, 0x40, 0x40, 0x40, 0x40, 
	0x40, 0x40, 0x40, 0x40, 0x40, 0x40, 0x40, 0x40, 0x40, 0x40, 
	0x40, 0x40, 0x40, 0x40, 0x40, 0x40, 0x40, 0x40, 0x40, 0x40, 
	0x40, 0x40, 0x40, 0x40, 0x40, 0x40, 0x40, 0x40, 0x40, 0x40, 
	0x40, 0x40, 0x40, 0x40, 0x40, 0x40, 0x40, 0x40, 0x40, 0x40, 
	0x40, 0x40, 0x40, 0x40, 0x40, 0x40, 0x40, 0x40, 0x40, 0x40, 
	0x40, 0x40, 0x40, 0x40, 0x40, 0x40, 00, 00, 00, 0x9, 
	00, 00, 00, 0x40, 0x2, 0x40, 0x2, 0x80, 00, 0x3, 
	00, 0x7, 00, 0xb, 00, 0x2b, 00, 0x37, 00, 0x3b, 
	00, 0x3f, 00, 0x43, 00, 0x47, 00, 00, 0x25, 0x35, 
	0x33, 0x15, 0x21, 0x35, 0x33, 0x15, 0x25, 0x23, 0x35, 0x33, 
	0x7, 0x2b, 0x1, 0x35, 0x23, 0x15, 0x23, 0x35, 0x33, 0x35, 
	0x23, 0x3d, 0x2, 0x33, 0x35, 0x33, 0x35, 0x3b, 0x2, 0x15, 
	0x33, 0x15, 0x33, 0x1d, 0x2, 0x23, 0x15, 0x23, 0x15, 0x27, 
	0x33, 0x3d, 0x2, 0x2b, 0x2, 0x1d, 0x2, 0x33, 0x13, 0x35, 
	0x33, 0x15, 0x21, 0x23, 0x35, 0x33, 0x21, 0x35, 0x33, 0x15, 
	0x21, 0x23, 0x35, 0x33, 0x2, 00, 0x40, 0xfd, 0xc0, 0x40, 
	0x1, 0xc0, 0x40, 0x40, 0xc0, 0x40, 0x40, 0x40, 0x40, 0x40, 
	0x40, 0x40, 0x40, 0x40, 0x40, 0x40, 0x40, 0x40, 0x40, 0x40, 
	0x40, 0x40, 0x40, 0x40, 0x40, 0x40, 0xc0, 0x40, 0xfe, 0x80, 
	0x40, 0x40, 0x1, 0x80, 0x40, 0xfe, 00, 0x40, 0x40, 0x40, 
	0x40, 0x40, 0x40, 0x40, 0x40, 0x40, 0x40, 0x40, 0x40, 0x40, 
	0x40, 0x40, 0x40, 0x40, 0x40, 0x40, 0x40, 0x40, 0x40, 0x40, 
	0x40, 0x40, 0x40, 0x80, 0x40, 0x40, 0x40, 0x40, 0x40, 0x40, 
	0x1, 00, 0x40, 0x40, 0x40, 0x40, 0x40, 0x40, 00, 0x7, 
	00, 00, 0xff, 0xc0, 0x2, 0x40, 0x2, 0xc0, 00, 0x31, 
	00, 0x35, 00, 0x39, 00, 0x3d, 00, 0x41, 00, 0x47, 
	00, 0x4d, 00, 00, 0x5, 0x3d, 0x1, 0x2b, 0x3, 0x3d, 
	0x1, 0x3b, 0x3, 0x35, 0x2b, 0x3, 0x3d, 0x1, 0x3b, 0x2, 
	0x35, 0x3b, 0x2, 0x15, 0x3b, 0x2, 0x1d, 0x1, 0x2b, 0x3, 
	0x15, 0x3b, 0x3, 0x1d, 0x1, 0x2b, 0x3, 0x1d, 0x1, 0x13, 
	0x35, 0x33, 0x15, 0x21, 0x23, 0x35, 0x33, 0x21, 0x35, 0x33, 
	0x15, 0x21, 0x23, 0x35, 0x33, 0x21, 0x3d, 0x1, 0x33, 0x1d, 
	0x1, 0x21, 0x23, 0x3d, 0x1, 0x33, 0x15, 0x1, 00, 0x40, 
	0x40, 0x40, 0x40, 0x40, 0x40, 0x40, 0x40, 0x40, 0x40, 0x40, 
	0x40, 0x40, 0x40, 0x40, 0x40, 0x40, 0x40, 0x40, 0x40, 0x40, 
	0x40, 0x40, 0x40, 0x40, 0x40, 0x40, 0x40, 0x40, 0x40, 0x40, 
	0x40, 0x40, 0x40, 0x40, 0xff, 00, 0x40, 0x40, 0x1, 00, 
	0x40, 0xfe, 0x80, 0x40, 0x40, 0x1, 0x80, 0x40, 0xfe, 00, 
	0x40, 0x40, 0x40, 0x40, 0x40, 0x40, 0x40, 0x40, 0x40, 0x40, 
	0x40, 0x40, 0x40, 0x40, 0x40, 0x40, 0x40, 0x40, 0x40, 0x2, 
	00, 0x40, 0x40, 0x40, 0x40, 0x40, 0x40, 0x40, 0x40, 0x40, 
	0x40, 0x40, 0x40, 0x40, 00, 0x2, 00, 0x40, 0xff, 00, 
	00, 0xc0, 0x3, 00, 00, 0x11, 00, 0x23, 00, 00, 
	0x13, 0x23, 0x3d, 0x6, 0x3b, 0x1, 0x1d, 0x6, 0x3, 0x23, 
	0x3d, 0x6, 0x3b, 0x1, 0x1d, 0x6, 0x80, 0x40, 0x40, 0x40, 
	0x40, 0x40, 0x40, 0x40, 0xff, 00, 0x40, 0x40, 0x40, 0x40, 
	0x40, 0x40, 0x40, 0x40, 0x40, 0x40, 0x40, 0x40, 0x40, 0x40, 
	0x2, 0x40, 0x40, 0x40, 0x40, 0x40, 0x40, 0x40, 0x40, 0x40, 
	0x40, 0x40, 0x40, 0x40, 0x40, 0x40, 00, 0x12, 00, 0x40, 
	0xff, 0x40, 0x2, 00, 0x2, 0xc0, 00, 0x3, 00, 0xb, 
	00, 0x13, 00, 0x17, 00, 0x1b, 00, 0x1f, 00, 0x23, 
	00, 0x29, 00, 0x2d, 00, 0x31, 00, 0x35, 00, 0x3b, 
	00, 0x3f, 00, 0x43, 00, 0x47, 00, 0x4b, 00, 0x51, 
	00, 0x59, 00, 00, 0x1, 0x35, 0x33, 0x15, 0x3, 0x33, 
	0x15, 0x2b, 0x2, 0x35, 0x3b, 0x1, 0x3d, 0x2, 0x33, 0x1d, 
	0x2, 0x21, 0x23, 0x35, 0x33, 0x2b, 0x1, 0x35, 0x33, 0x25, 
	0x23, 0x35, 0x33, 0x31, 0x35, 0x33, 0x15, 0x2b, 0x2, 0x35, 
	0x3b, 0x2, 0x35, 0x33, 0x15, 0x21, 0x23, 0x35, 0x33, 0x21, 
	0x23, 0x35, 0x33, 0x5, 0x23, 0x3d, 0x1, 0x33, 0x15, 0x21, 
	0x23, 0x35, 0x33, 0x2b, 0x1, 0x35, 0x33, 0x7, 0x35, 0x33, 
	0x15, 0x37, 0x23, 0x35, 0x33, 0x2b, 0x1, 0x3d, 0x1, 0x33, 
	0x15, 0x37, 0x2b, 0x2, 0x35, 0x3b, 0x2, 0x1, 0x80, 0x40, 
	0x80, 0x40, 0x40, 0x40, 0x40, 0x40, 0x80, 0x40, 0xff, 00, 
	0x40, 0x40, 0x40, 0x40, 0x40, 0x1, 00, 0x40, 0x40, 0x40, 
	0x80, 0x40, 0x40, 0x40, 0x40, 0x80, 0x40, 0xfe, 0xc0, 0x40, 
	0x40, 0x1, 00, 0x40, 0x40, 0xfe, 0xc0, 0x40, 0x40, 0x1, 
	00, 0x40, 0x40, 0x40, 0x40, 0x40, 0xc0, 0x40, 0x40, 0x40, 
	0x40, 0x40, 0x40, 0x40, 0xc0, 0x40, 0x40, 0x40, 0x40, 0x40, 
	0x40, 0x2, 0x40, 0x40, 0x40, 0xfd, 0x40, 0x40, 0x40, 0x40, 
	0x40, 0x40, 0x40, 0x40, 0x40, 0x40, 0x40, 0x40, 0x40, 0x40, 
	0x40, 0x40, 0x40, 0x40, 0x40, 0x40, 0x40, 0x40, 0x40, 0x40, 
	0x40, 0x40, 0x40, 0x40, 0x40, 0x40, 0x40, 0x40, 0x40, 0x40, 
	0x40, 0x40, 00, 0x2, 00, 00, 0x2, 0x80, 0x1, 0x40, 
	0x3, 00, 00, 0x7, 00, 0xf, 00, 00, 0x1, 0x23, 
	0x3d, 0x1, 0x3b, 0x1, 0x1d, 0x1, 0x21, 0x23, 0x3d, 0x1, 
	0x3b, 0x1, 0x1d, 0x1, 0x1, 00, 0x40, 0x40, 0x40, 0xff, 
	00, 0x40, 0x40, 0x40, 0x2, 0x80, 0x40, 0x40, 0x40, 0x40, 
	0x40, 0x40, 0x40, 0x40, 00, 0x17, 00, 00, 00, 00, 
	0x3, 00, 0x3, 00, 00, 0x3, 00, 0xd, 00, 0x11, 
	00, 0x15, 00, 0x19, 00, 0x1f, 00, 0x23, 00, 0x27, 
	00, 0x2b, 00, 0x2f, 00, 0x33, 00, 0x3d, 00, 0x45, 
	00, 0x4f, 00, 0x53, 00, 0x57, 00, 0x5d, 00, 0x61, 
	00, 0x65, 00, 0x69, 00, 0x6d, 00, 0x71, 00, 0x7b, 
	00, 00, 0x1, 0x35, 0x33, 0x15, 0x3, 0x33, 0x15, 0x2b, 
	0x3, 0x35, 0x3b, 0x2, 0x35, 0x33, 0x15, 0x21, 0x23, 0x35, 
	0x33, 0x21, 0x35, 0x33, 0x15, 0x25, 0x33, 0x15, 0x2b, 0x1, 
	0x35, 0x7, 0x23, 0x35, 0x33, 0x21, 0x35, 0x33, 0x15, 0x21, 
	0x35, 0x33, 0x15, 0x2b, 0x1, 0x35, 0x33, 0x7, 0x23, 0x35, 
	0x33, 0x21, 0x3d, 0x3, 0x33, 0x1d, 0x3, 0x21, 0x23, 0x3d, 
	0x2, 0x33, 0x1d, 0x1, 0x7, 0x23, 0x3d, 0x3, 0x33, 0x1d, 
	0x2, 0x37, 0x35, 0x33, 0x15, 0x25, 0x23, 0x35, 0x33, 0x5, 
	0x2b, 0x1, 0x35, 0x3b, 0x1, 0x5, 0x35, 0x33, 0x15, 0x25, 
	0x23, 0x35, 0x33, 0x5, 0x35, 0x33, 0x15, 0x25, 0x23, 0x35, 
	0x33, 0x5, 0x35, 0x33, 0x15, 0x25, 0x2b, 0x3, 0x35, 0x3b, 
	0x3, 0x1, 0xc0, 0x40, 0x40, 0x40, 0x40, 0x40, 0x40, 0x40, 
	0x40, 0x40, 0x80, 0x40, 0xfe, 0xc0, 0x40, 0x40, 0x1, 0x40, 
	0x40, 0xff, 00, 0x40, 0x40, 0x40, 0x80, 0x40, 0x40, 0x1, 
	0xc0, 0x40, 0xff, 00, 0x40, 0xc0, 0x40, 0x40, 0xc0, 0x40, 
	0x40, 0x2, 0x40, 0x40, 0xfe, 00, 0x40, 0x40, 0xc0, 0x40, 
	0x40, 0xc0, 0x40, 0x1, 0x80, 0x40, 0x40, 0xff, 00, 0x40, 
	0x40, 0x40, 0x40, 0xfe, 0x80, 0x40, 0x2, 00, 0x40, 0x40, 
	0xfe, 00, 0x40, 0x1, 0x80, 0x40, 0x40, 0xfe, 0x80, 0x40, 
	0x1, 00, 0x40, 0x40, 0x40, 0x40, 0x40, 0x40, 0x40, 0x40, 
	0x1, 0xc0, 0x40, 0x40, 0xfe, 0x80, 0x40, 0x40, 0x40, 0x40, 
	0x40, 0x40, 0x40, 0x40, 0x40, 0x40, 0x40, 0x40, 0x40, 0x40, 
	0x40, 0x40, 0x40, 0x40, 0x40, 0x40, 0x40, 0x40, 0x40, 0x40, 
	0x40, 0x40, 0x40, 0x40, 0x40, 0x40, 0x40, 0x40, 0x40, 0x40, 
	0x40, 0x40, 0x40, 0x40, 0x40, 0x40, 0x80, 0x40, 0x40, 0x40, 
	0x40, 0x40, 0x40, 0x40, 0x40, 0x40, 0x40, 0x40, 0x40, 0x40, 
	0x40, 0x40, 0x40, 0x40, 0x40, 0x40, 0x40, 0x40, 00, 0x1, 
	00, 00, 0xff, 0xc0, 0x2, 0x40, 0x3, 00, 00, 0x4d, 
	00, 00, 0x5, 0x2b, 0x1, 0x35, 0x23, 0x35, 0x23, 0x35, 
	0x23, 0x35, 0x23, 0x3d, 0x1, 0x33, 0x35, 0x23, 0x3d, 0x1, 
	0x33, 0x3d, 0x1, 0x33, 0x35, 0x33, 0x35, 0x3b, 0x3, 0x15, 
	0x3b, 0x1, 0x1d, 0x1, 0x2b, 0x1, 0x35, 0x2b, 0x2, 0x15, 
	0x23, 0x15, 0x3b, 0x4, 0x1d, 0x1, 0x2b, 0x4, 0x15, 0x3b, 
	0x3, 0x1d, 0x1, 0x2b, 0x3, 0x15, 0x33, 0x15, 0x3b, 0x2, 
	0x35, 0x33, 0x1d, 0x1, 0x23, 0x15, 0x1, 0x80, 0x40, 0x40, 
	0x40, 0x40, 0x40, 0x40, 0x40, 0x40, 0x40, 0x40, 0x40, 0x40, 
	0x40, 0x40, 0x40, 0x40, 0x40, 0x40, 0x40, 0x40, 0x40, 0x40, 
	0x40, 0x40, 0x40, 0x40, 0x40, 0x40, 0x40, 0x40, 0x40, 0x40, 
	0x40, 0x40, 0x40, 0x40, 0x40, 0x40, 0x40, 0x40, 0x40, 0x40, 
	0x40, 0x40, 0x40, 0x40, 0x40, 0x40, 0x40, 0x40, 0x40, 0x40, 
	0x40, 0x40, 0x40, 0x40, 0x40, 0x40, 0x40, 0x40, 0x40, 0x40, 
	0x40, 0x40, 0x40, 0x40, 0x40, 0x40, 0x40, 0x40, 0x40, 0x40, 
	0x40, 0x40, 0x40, 0x40, 0x40, 0x40, 00, 00, 00, 00, 
	00, 0xe, 00, 0xae, 00, 0x1, 00, 00, 00, 00, 
	00, 00, 00, 0xe, 00, 0x1e, 00, 0x1, 00, 00, 
	00, 00, 00, 0x1, 00, 0x9, 00, 0x41, 00, 0x1, 
	00, 00, 00, 00, 00, 0x2, 00, 0x6, 00, 0x59, 
	00, 0x1, 00, 00, 00, 00, 00, 0x3, 00, 0x18, 
	00, 0x92, 00, 0x1, 00, 00, 00, 00, 00, 0x4, 
	00, 0x9, 00, 0xbf, 00, 0x1, 00, 00, 00, 00, 
	00, 0x5, 00, 0x10, 00, 0xeb, 00, 0x1, 00, 00, 
	00, 00, 00, 0x6, 00, 0x9, 0x1, 0x10, 00, 0x3, 
	00, 0x1, 0x4, 0x9, 00, 00, 00, 0x1c, 00, 00, 
	00, 0x3, 00, 0x1, 0x4, 0x9, 00, 0x1, 00, 0x12, 
	00, 0x2d, 00, 0x3, 00, 0x1, 0x4, 0x9, 00, 0x2, 
	00, 0xc, 00, 0x4b, 00, 0x3, 00, 0x1, 0x4, 0x9, 
	00, 0x3, 00, 0x30, 00, 0x60, 00, 0x3, 00, 0x1, 
	0x4, 0x9, 00, 0x4, 00, 0x12, 00, 0xab, 00, 0x3, 
	00, 0x1, 0x4, 0x9, 00, 0x5, 00, 0x20, 00, 0xc9, 
	00, 0x3, 00, 0x1, 0x4, 0x9, 00, 0x6, 00, 0x12, 
	00, 0xfc, 00, 0x43, 00, 0x72, 00, 0x61, 00, 0x66, 
	00, 0x74, 00, 0x72, 00, 0x6f, 00, 0x6e, 00, 0x47, 
	00, 0x61, 00, 0x6d, 00, 0x69, 00, 0x6e, 00, 0x67, 
	00, 00, 0x43, 0x72, 0x61, 0x66, 0x74, 0x72, 0x6f, 0x6e, 
	0x47, 0x61, 0x6d, 0x69, 0x6e, 0x67, 00, 00, 0x4d, 00, 
	0x69, 00, 0x6e, 00, 0x65, 00, 0x63, 00, 0x72, 00, 
	0x61, 00, 0x66, 00, 0x74, 00, 00, 0x4d, 0x69, 0x6e, 
	0x65, 0x63, 0x72, 0x61, 0x66, 0x74, 00, 00, 0x4d, 00, 
	0x65, 00, 0x64, 00, 0x69, 00, 0x75, 00, 0x6d, 00, 
	00, 0x4d, 0x65, 0x64, 0x69, 0x75, 0x6d, 00, 00, 0x43, 
	00, 0x72, 00, 0x61, 00, 0x66, 00, 0x74, 00, 0x72, 
	00, 0x6f, 00, 0x6e, 00, 0x47, 00, 0x61, 00, 0x6d, 
	00, 0x69, 00, 0x6e, 00, 0x67, 00, 0x3a, 00, 0x4d, 
	00, 0x69, 00, 0x6e, 00, 0x65, 00, 0x63, 00, 0x72, 
	00, 0x61, 00, 0x66, 00, 0x74, 00, 00, 0x43, 0x72, 
	0x61, 0x66, 0x74, 0x72, 0x6f, 0x6e, 0x47, 0x61, 0x6d, 0x69, 
	0x6e, 0x67, 0x3a, 0x4d, 0x69, 0x6e, 0x65, 0x63, 0x72, 0x61, 
	0x66, 0x74, 00, 00, 0x4d, 00, 0x69, 00, 0x6e, 00, 
	0x65, 00, 0x63, 00, 0x72, 00, 0x61, 00, 0x66, 00, 
	0x74, 00, 00, 0x4d, 0x69, 0x6e, 0x65, 0x63, 0x72, 0x61, 
	0x66, 0x74, 00, 00, 0x56, 00, 0x65, 00, 0x72, 00, 
	0x73, 00, 0x69, 00, 0x6f, 00, 0x6e, 00, 0x20, 00, 
	0x30, 00, 0x30, 00, 0x31, 00, 0x2e, 00, 0x30, 00, 
	0x30, 00, 0x30, 00, 0x20, 00, 00, 0x56, 0x65, 0x72, 
	0x73, 0x69, 0x6f, 0x6e, 0x20, 0x30, 0x30, 0x31, 0x2e, 0x30, 
	0x30, 0x30, 0x20, 00, 00, 0x4d, 00, 0x69, 00, 0x6e, 
	00, 0x65, 00, 0x63, 00, 0x72, 00, 0x61, 00, 0x66, 
	00, 0x74, 00, 00, 0x4d, 0x69, 0x6e, 0x65, 0x63, 0x72, 
	0x61, 0x66, 0x74, 00, 00, 0x2, 00, 00, 00, 00, 
	00, 00, 0xff, 0x80, 00, 0x33, 00, 00, 00, 00, 
	00, 00, 00, 00, 00, 00, 00, 00, 00, 00, 
	00, 00, 00, 00, 00, 00, 00, 0x6e, 00, 00, 
	00, 0x1, 00, 0x2, 00, 0x3, 00, 0x4, 00, 0x5, 
	00, 0x6, 00, 0x7, 00, 0x8, 00, 0x9, 00, 0xa, 
	00, 0xb, 00, 0xc, 00, 0xd, 00, 0xe, 00, 0xf, 
	00, 0x10, 00, 0x11, 00, 0x12, 00, 0x13, 00, 0x14, 
	00, 0x15, 00, 0x16, 00, 0x17, 00, 0x18, 00, 0x19, 
	00, 0x1a, 00, 0x1b, 00, 0x1c, 00, 0x1d, 00, 0x1e, 
	00, 0x1f, 00, 0x20, 00, 0x21, 00, 0x22, 00, 0x23, 
	00, 0x24, 00, 0x25, 00, 0x26, 00, 0x27, 00, 0x28, 
	00, 0x29, 00, 0x2a, 00, 0x2b, 00, 0x2c, 00, 0x2d, 
	00, 0x2e, 00, 0x2f, 00, 0x30, 00, 0x31, 00, 0x32, 
	00, 0x33, 00, 0x34, 00, 0x35, 00, 0x36, 00, 0x37, 
	00, 0x38, 00, 0x39, 00, 0x3a, 00, 0x3b, 00, 0x3c, 
	00, 0x3d, 00, 0x3e, 00, 0x3f, 00, 0x40, 00, 0x41, 
	00, 0x42, 00, 0x43, 00, 0x44, 00, 0x45, 00, 0x46, 
	00, 0x47, 00, 0x48, 00, 0x49, 00, 0x4a, 00, 0x4b, 
	00, 0x4c, 00, 0x4d, 00, 0x4e, 00, 0x4f, 00, 0x50, 
	00, 0x51, 00, 0x52, 00, 0x53, 00, 0x54, 00, 0x55, 
	00, 0x56, 00, 0x57, 00, 0x58, 00, 0x59, 00, 0x5a, 
	00, 0x5b, 00, 0x5c, 00, 0x5d, 00, 0x5e, 00, 0x5f, 
	00, 0x60, 00, 0x61, 0x1, 0x2, 00, 0xa3, 00, 0x84, 
	00, 0x85, 00, 0xbd, 00, 0x96, 00, 0xe8, 00, 0x86, 
	00, 0x8e, 00, 0x8b, 0x1, 0x3, 0x1, 0x4, 0x7, 0x75, 
	0x6e, 0x69, 0x30, 0x30, 0x41, 0x30, 0x4, 0x45, 0x75, 0x72, 
	0x6f, 0x7, 0x75, 0x6e, 0x69, 0x33, 0x30, 0x30, 0x30, 00, 
	00, 00, 00, 0x1, 0xff, 0xff, 00, 0x2, 00, 0x1, 
	00, 00, 00, 00, 00, 00, 00, 0xe, 00, 0x16, 
	00, 00, 00, 0x4, 00, 00, 00, 0x2, 00, 00, 
	00, 0x1, 00, 00, 00, 0x1, 00, 00, 00, 00, 
	00, 00, 00, 0x1, 00, 00, 00, 00, 0xc7, 0xfe, 
	0xb0, 0xdf, 00, 00, 00, 00, 0xc8, 0x78, 0x2b, 0x41, 
	00, 00, 00, 00, 0xd1, 0xbf, 0x5a, 0x98, };

static const unsigned char data_index_shtml[] = {
	/* /index.shtml */
	0x2f, 0x69, 0x6e, 0x64, 0x65, 0x78, 0x2e, 0x73, 0x68, 0x74, 0x6d, 0x6c, 0,
	0x48, 0x54, 0x54, 0x50, 0x2f, 0x31, 0x2e, 0x30, 0x20, 0x32, 
	0x30, 0x30, 0x20, 0x4f, 0x4b, 0xd, 0xa, 0x53, 0x65, 0x72, 
	0x76, 0x65, 0x72, 0x3a, 0x20, 0x6c, 0x77, 0x49, 0x50, 0x2f, 
	0x70, 0x72, 0x65, 0x2d, 0x30, 0x2e, 0x36, 0x20, 0x28, 0x68, 
	0x74, 0x74, 0x70, 0x3a, 0x2f, 0x2f, 0x77, 0x77, 0x77, 0x2e, 
	0x73, 0x69, 0x63, 0x73, 0x2e, 0x73, 0x65, 0x2f, 0x7e, 0x61, 
	0x64, 0x61, 0x6d, 0x2f, 0x6c, 0x77, 0x69, 0x70, 0x2f, 0x29, 
	0xd, 0xa, 0x43, 0x6f, 0x6e, 0x74, 0x65, 0x6e, 0x74, 0x2d, 
	0x74, 0x79, 0x70, 0x65, 0x3a, 0x20, 0x74, 0x65, 0x78, 0x74, 
	0x2f, 0x68, 0x74, 0x6d, 0x6c, 0xd, 0xa, 0xd, 0xa, 0x3c, 
	0x21, 0x44, 0x4f, 0x43, 0x54, 0x59, 0x50, 0x45, 0x20, 0x68, 
	0x74, 0x6d, 0x6c, 0x3e, 0xa, 0x3c, 0x68, 0x74, 0x6d, 0x6c, 
	0x20, 0x6c, 0x61, 0x6e, 0x67, 0x3d, 0x22, 0x65, 0x6e, 0x22, 
	0x20, 0x64, 0x61, 0x74, 0x61, 0x2d, 0x74, 0x68, 0x65, 0x6d, 
	0x65, 0x3d, 0x22, 0x64, 0x61, 0x72, 0x6b, 0x22, 0x3e, 0xa, 
	0x3c, 0x68, 0x65, 0x61, 0x64, 0x3e, 0xa, 0x20, 0x20, 0x20, 
	0x20, 0x3c, 0x6d, 0x65, 0x74, 0x61, 0x20, 0x63, 0x68, 0x61, 
	0x72, 0x73, 0x65, 0x74, 0x3d, 0x22, 0x55, 0x54, 0x46, 0x2d, 
	0x38, 0x22, 0x3e, 0xa, 0x20, 0x20, 0x20, 0x20, 0x3c, 0x6c, 
	0x69, 0x6e, 0x6b, 0x20, 0x72, 0x65, 0x6c, 0x3d, 0x22, 0x73, 
	0x74, 0x79, 0x6c, 0x65, 0x73, 0x68, 0x65, 0x65, 0x74, 0x22, 
	0x20, 0x68, 0x72, 0x65, 0x66, 0x3d, 0x22, 0x68, 0x74, 0x74, 
	0x70, 0x73, 0x3a, 0x2f, 0x2f, 0x75, 0x6e, 0x70, 0x6b, 0x67, 
	0x2e, 0x63, 0x6f, 0x6d, 0x2f, 0x40, 0x70, 0x69, 0x63, 0x6f, 
	0x63, 0x73, 0x73, 0x2f, 0x70, 0x69, 0x63, 0x6f, 0x40, 0x6c, 
	0x61, 0x74, 0x65, 0x73, 0x74, 0x2f, 0x63, 0x73, 0x73, 0x2f, 
	0x70, 0x69, 0x63, 0x6f, 0x2e, 0x63, 0x6c, 0x61, 0x73, 0x73, 
	0x6c, 0x65, 0x73, 0x73, 0x2e, 0x6d, 0x69, 0x6e, 0x2e, 0x63, 
	0x73, 0x73, 0x22, 0x3e, 0xa, 0x20, 0x20, 0x20, 0x20, 0x3c, 
	0x73, 0x74, 0x79, 0x6c, 0x65, 0x3e, 0xa, 0x20, 0x20, 0x20, 
	0x20, 0xa, 0x20, 0x20, 0x20, 0x20, 0x40, 0x66, 0x6f, 0x6e, 
	0x74, 0x2d, 0x66, 0x61, 0x63, 0x65, 0x20, 0x7b, 0xa, 0x20, 
	0x20, 0x20, 0x20, 0x20, 0x20, 0x20, 0x20, 0x66, 0x6f, 0x6e, 
	0x74, 0x2d, 0x66, 0x61, 0x6d, 0x69, 0x6c, 0x79, 0x3a, 0x20, 
	0x27, 0x4d, 0x69, 0x6e, 0x65, 0x63, 0x72, 0x61, 0x66, 0x74, 
	0x27, 0x3b, 0xa, 0x20, 0x20, 0x20, 0x20, 0x20, 0x20, 0x20, 
	0x20, 0x73, 0x72, 0x63, 0x3a, 0x20, 0x75, 0x72, 0x6c, 0x28, 
	0x27, 0x2e, 0x2f, 0x66, 0x6f, 0x6e, 0x74, 0x73, 0x2f, 0x4d, 
	0x69, 0x6e, 0x65, 0x63, 0x72, 0x61, 0x66, 0x74, 0x2e, 0x74, 
	0x74, 0x66, 0x27, 0x29, 0x20, 0x66, 0x6f, 0x72, 0x6d, 0x61, 
	0x74, 0x28, 0x27, 0x74, 0x72, 0x75, 0x65, 0x74, 0x79, 0x70, 
	0x65, 0x27, 0x29, 0x3b, 0xa, 0x20, 0x20, 0x20, 0x20, 0x7d, 
	0xa, 0xa, 0x20, 0x20, 0x20, 0x20, 0x2a, 0x2c, 0x20, 0x3a, 
	0x72, 0x6f, 0x6f, 0x74, 0x2c, 0x20, 0x68, 0x32, 0x2c, 0x20, 
	0x68, 0x33, 0x2c, 0x20, 0x69, 0x6e, 0x70, 0x75, 0x74, 0x3a, 
	0x3a, 0x2d, 0x6d, 0x6f, 0x7a, 0x2d, 0x70, 0x6c, 0x61, 0x63, 
	0x65, 0x68, 0x6f, 0x6c, 0x64, 0x65, 0x72, 0x2c, 0x20, 0x3a, 
	0x3a, 0x66, 0x69, 0x6c, 0x65, 0x2d, 0x73, 0x65, 0x6c, 0x65, 
	0x63, 0x74, 0x6f, 0x72, 0x2d, 0x62, 0x75, 0x74, 0x74, 0x6f, 
	0x6e, 0x20, 0x7b, 0xa, 0x20, 0x20, 0x20, 0x20, 0x20, 0x20, 
	0x20, 0x20, 0x66, 0x6f, 0x6e, 0x74, 0x2d, 0x66, 0x61, 0x6d, 
	0x69, 0x6c, 0x79, 0x3a, 0x20, 0x4d, 0x69, 0x6e, 0x65, 0x63, 
	0x72, 0x61, 0x66, 0x74, 0x3b, 0xa, 0x20, 0x20, 0x20, 0x20, 
	0x20, 0x20, 0x20, 0x20, 0x63, 0x6f, 0x6c, 0x6f, 0x72, 0x3a, 
	0x20, 0x23, 0x32, 0x30, 0x43, 0x32, 0x30, 0x45, 0x3b, 0xa, 
	0x20, 0x20, 0x20, 0x20, 0x20, 0x20, 0x20, 0x20, 0x2f, 0x2a, 
	0x20, 0x2d, 0x2d, 0x6c, 0x69, 0x6e, 0x65, 0x2d, 0x68, 0x65, 
	0x69, 0x67, 0x68, 0x74, 0x3a, 0x20, 0x31, 0x3b, 0x20, 0x2a, 
	0x2f, 0xa, 0x20, 0x20, 0x20, 0x20, 0x7d, 0xa, 0xa, 0x20, 
	0x20, 0x20, 0x20, 0x68, 0x32, 0x20, 0x7b, 0xa, 0x20, 0x20, 
	0x20, 0x20, 0x20, 0x20, 0x20, 0x20, 0x74, 0x65, 0x78, 0x74, 
	0x2d, 0x61, 0x6c, 0x69, 0x67, 0x6e, 0x3a, 0x20, 0x63, 0x65, 
	0x6e, 0x74, 0x65, 0x72, 0x3b, 0xa, 0x20, 0x20, 0x20, 0x20, 
	0x7d, 0xa, 0xa, 0x20, 0x20, 0x20, 0x20, 0x68, 0x33, 0x20, 
	0x7b, 0xa, 0x20, 0x20, 0x20, 0x20, 0x20, 0x20, 0x20, 0x20, 
	0x6d, 0x61, 0x72, 0x67, 0x69, 0x6e, 0x2d, 0x62, 0x6f, 0x74, 
	0x74, 0x6f, 0x6d, 0x3a, 0x20, 0x31, 0x2e, 0x35, 0x72, 0x65, 
	0x6d, 0x3b, 0xa, 0x20, 0x20, 0x20, 0x20, 0x20, 0x20, 0x20, 
	0x20, 0x70, 0x61, 0x64, 0x64, 0x69, 0x6e, 0x67, 0x2d, 0x6c, 
	0x65, 0x66, 0x74, 0x3a, 0x20, 0x30, 0x2e, 0x33, 0x72, 0x65, 
	0x6d, 0x3b, 0xa, 0x20, 0x20, 0x20, 0x20, 0x20, 0x20, 0x20, 
	0x20, 0x62, 0x61, 0x63, 0x6b, 0x67, 0x72, 0x6f, 0x75, 0x6e, 
	0x64, 0x2d, 0x63, 0x6f, 0x6c, 0x6f, 0x72, 0x3a, 0x20, 0x23, 
	0x32, 0x30, 0x43, 0x32, 0x30, 0x45, 0x3b, 0xa, 0x20, 0x20, 
	0x20, 0x20, 0x20, 0x20, 0x20, 0x20, 0x62, 0x6f, 0x72, 0x64, 
	0x65, 0x72, 0x3a, 0x20, 0x23, 0x32, 0x30, 0x43, 0x32, 0x30, 
	0x45, 0x3b, 0xa, 0x20, 0x20, 0x20, 0x20, 0x20, 0x20, 0x20, 
	0x20, 0x63, 0x6f, 0x6c, 0x6f, 0x72, 0x3a, 0x20, 0x62, 0x6c, 
	0x61, 0x63, 0x6b, 0x3b, 0xa, 0x20, 0x20, 0x20, 0x20, 0x20, 
	0x20, 0x20, 0x20, 0x2f, 0x2a, 0x20, 0x74, 0x65, 0x78, 0x74, 
	0x2d, 0x61, 0x6c, 0x69, 0x67, 0x6e, 0x3a, 0x20, 0x63, 0x65, 
	0x6e, 0x74, 0x65, 0x72, 0x3b, 0x20, 0x2a, 0x2f, 0xa, 0x20, 
	0x20, 0x20, 0x20, 0x7d, 0xa, 0xa, 0x20, 0x20, 0x20, 0x20, 
	0x5b, 0x64, 0x61, 0x74, 0x61, 0x2d, 0x74, 0x68, 0x65, 0x6d, 
	0x65, 0x3d, 0x22, 0x64, 0x61, 0x72, 0x6b, 0x22, 0x5d, 0x2c, 
	0xa, 0x20, 0x20, 0x20, 0x20, 0x3a, 0x72, 0x6f, 0x6f, 0x74, 
	0x3a, 0x6e, 0x6f, 0x74, 0x28, 0x5b, 0x64, 0x61, 0x74, 0x61, 
	0x2d, 0x74, 0x68, 0x65, 0x6d, 0x65, 0x3d, 0x22, 0x6c, 0x69, 
	0x67, 0x68, 0x74, 0x22, 0x5d, 0x29, 0x2c, 0x20, 0x3a, 0x72, 
	0x6f, 0x6f, 0x74, 0x3a, 0x6e, 0x6f, 0x74, 0x28, 0x69, 0x6e, 
	0x70, 0x75, 0x74, 0x5b, 0x74, 0x79, 0x70, 0x65, 0x3d, 0x22, 
	0x73, 0x75, 0x62, 0x6d, 0x69, 0x74, 0x22, 0x5d, 0x29, 0x20, 
	0x7b, 0xa, 0x20, 0x20, 0x20, 0x20, 0x20, 0x20, 0x20, 0x20, 
	0x2d, 0x2d, 0x62, 0x61, 0x63, 0x6b, 0x67, 0x72, 0x6f, 0x75, 
	0x6e, 0x64, 0x2d, 0x63, 0x6f, 0x6c, 0x6f, 0x72, 0x3a, 0x20, 
	0x23, 0x30, 0x30, 0x30, 0x30, 0x30, 0x30, 0x3b, 0xa, 0x20, 
	0x20, 0x20, 0x20, 0x20, 0x20, 0x20, 0x20, 0x2d, 0x2d, 0x70, 
	0x72, 0x69, 0x6d, 0x61, 0x72, 0x79, 0x3a, 0x20, 0x23, 0x32, 
	0x30, 0x43, 0x32, 0x30, 0x45, 0x3b, 0xa, 0x20, 0x20, 0x20, 
	0x20, 0x20, 0x20, 0x20, 0x20, 0x2d, 0x2d, 0x70, 0x72, 0x69, 
	0x6d, 0x61, 0x72, 0x79, 0x2d, 0x68, 0x6f, 0x76, 0x65, 0x72, 
	0x3a, 0x20, 0x23, 0x32, 0x30, 0x43, 0x32, 0x30, 0x45, 0x3b, 
	0xa, 0x20, 0x20, 0x20, 0x20, 0x20, 0x20, 0x20, 0x20, 0x2d, 
	0x2d, 0x70, 0x72, 0x69, 0x6d, 0x61, 0x72, 0x79, 0x2d, 0x66, 
	0x6f, 0x63, 0x75, 0x73, 0x3a, 0x20, 0x23, 0x32, 0x30, 0x63, 
	0x32, 0x30, 0x65, 0x32, 0x65, 0x3b, 0xa, 0x20, 0x20, 0x20, 
	0x20, 0x20, 0x20, 0x20, 0x20, 0x2d, 0x2d, 0x70, 0x72, 0x69, 
	0x6d, 0x61, 0x72, 0x79, 0x2d, 0x69, 0x6e, 0x76, 0x65, 0x72, 
	0x73, 0x65, 0x3a, 0x20, 0x23, 0x46, 0x46, 0x46, 0x3b, 0xa, 
	0x20, 0x20, 0x20, 0x20, 0x7d, 0xa, 0xa, 0x20, 0x20, 0x20, 
	0x20, 0x69, 0x6e, 0x70, 0x75, 0x74, 0x5b, 0x74, 0x79, 0x70, 
	0x65, 0x3d, 0x22, 0x73, 0x75, 0x62, 0x6d, 0x69, 0x74, 0x22, 
	0x5d, 0x20, 0x7b, 0xa, 0x20, 0x20, 0x20, 0x20, 0x20, 0x20, 
	0x20, 0x20, 0x2d, 0x2d, 0x62, 0x61, 0x63, 0x6b, 0x67, 0x72, 
	0x6f, 0x75, 0x6e, 0x64, 0x2d, 0x63, 0x6f, 0x6c, 0x6f, 0x72, 
	0x3a, 0x20, 0x76, 0x61, 0x72, 0x28, 0x2d, 0x2d, 0x66, 0x6f, 
	0x72, 0x6d, 0x2d, 0x65, 0x6c, 0x65, 0x6d, 0x65, 0x6e, 0x74, 
	0x2d, 0x62, 0x61, 0x63, 0x6b, 0x67, 0x72, 0x6f, 0x75, 0x6e, 
	0x64, 0x2d, 0x63, 0x6f, 0x6c, 0x6f, 0x72, 0x29, 0x3b, 0xa, 
	0x20, 0x20, 0x20, 0x20, 0x7d, 0xa, 0xa, 0x20, 0x20, 0x20, 
	0x20, 0x3c, 0x2f, 0x73, 0x74, 0x79, 0x6c, 0x65, 0x3e, 0xa, 
	0x20, 0x20, 0x20, 0x20, 0x3c, 0x74, 0x69, 0x74, 0x6c, 0x65, 
	0x3e, 0x70, 0x69, 0x63, 0x6f, 0x77, 0x5f, 0x64, 0x75, 0x63, 
	0x6b, 0x79, 0x3c, 0x2f, 0x74, 0x69, 0x74, 0x6c, 0x65, 0x3e, 
	0xa, 0x3c, 0x2f, 0x68, 0x65, 0x61, 0x64, 0x3e, 0xa, 0x3c, 
	0x62, 0x6f, 0x64, 0x79, 0x3e, 0xa, 0x20, 0x20, 0x20, 0x20, 
	0x3c, 0x6d, 0x61, 0x69, 0x6e, 0x3e, 0xa, 0x20, 0x20, 0x20, 
	0x20, 0x20, 0x20, 0x20, 0x20, 0x3c, 0x68, 0x32, 0x3e, 0x77, 
	0x65, 0x6c, 0x63, 0x6f, 0x6d, 0x65, 0x20, 0x74, 0x6f, 0x20, 
	0x3c, 0x73, 0x74, 0x72, 0x6f, 0x6e, 0x67, 0x3e, 0x70, 0x69, 
	0x63, 0x6f, 0x77, 0x5f, 0x64, 0x75, 0x63, 0x6b, 0x79, 0x3c, 
	0x2f, 0x73, 0x74, 0x72, 0x6f, 0x6e, 0x67, 0x3e, 0x3c, 0x2f, 
	0x68, 0x32, 0x3e, 0xa, 0xa, 0x20, 0x20, 0x20, 0x20, 0x20, 
	0x20, 0x20, 0x20, 0x3c, 0x73, 0x65, 0x63, 0x74, 0x69, 0x6f, 
	0x6e, 0x20, 0x69, 0x64, 0x3d, 0x22, 0x74, 0x72, 0x69, 0x67, 
	0x67, 0x65, 0x72, 0x2d, 0x70, 0x61, 0x79, 0x6c, 0x6f, 0x61, 
	0x64, 0x22, 0x3e, 0xa, 0x20, 0x20, 0x20, 0x20, 0x20, 0x20, 
	0x20, 0x20, 0x20, 0x20, 0x20, 0x20, 0x3c, 0x68, 0x33, 0x3e, 
	0x54, 0x72, 0x69, 0x67, 0x67, 0x65, 0x72, 0x20, 0x50, 0x61, 
	0x79, 0x6c, 0x6f, 0x61, 0x64, 0x3c, 0x2f, 0x68, 0x33, 0x3e, 
	0xa, 0x20, 0x20, 0x20, 0x20, 0x20, 0x20, 0x20, 0x20, 0x20, 
	0x20, 0x20, 0x20, 0x3c, 0x66, 0x6f, 0x72, 0x6d, 0x20, 0x61, 
	0x63, 0x74, 0x69, 0x6f, 0x6e, 0x3d, 0x22, 0x2f, 0x74, 0x72, 
	0x69, 0x67, 0x67, 0x65, 0x72, 0x22, 0x20, 0x6d, 0x65, 0x74, 
	0x68, 0x6f, 0x64, 0x3d, 0x22, 0x50, 0x4f, 0x53, 0x54, 0x22, 
	0x20, 0x65, 0x6e, 0x63, 0x74, 0x79, 0x70, 0x65, 0x3d, 0x22, 
	0x74, 0x65, 0x78, 0x74, 0x2f, 0x70, 0x6c, 0x61, 0x69, 0x6e, 
	0x22, 0x3e, 0xa, 0x20, 0x20, 0x20, 0x20, 0x20, 0x20, 0x20, 
	0x20, 0x20, 0x20, 0x20, 0x20, 0x20, 0x20, 0x20, 0x20, 0x3c, 
	0x73, 0x65, 0x6c, 0x65, 0x63, 0x74, 0x20, 0x69, 0x64, 0x3d, 
	0x22, 0x70, 0x61, 0x79, 0x6c, 0x6f, 0x61, 0x64, 0x2d, 0x6c, 
	0x69, 0x73, 0x74, 0x22, 0x20, 0x6e, 0x61, 0x6d, 0x65, 0x3d, 
	0x22, 0x70, 0x61, 0x79, 0x6c, 0x6f, 0x61, 0x64, 0x22, 0x20, 
	0x72, 0x65, 0x71, 0x75, 0x69, 0x72, 0x65, 0x64, 0x3d, 0x22, 
	0x22, 0x3e, 0xa, 0x20, 0x20, 0x20, 0x20, 0x20, 0x20, 0x20, 
	0x20, 0x20, 0x20, 0x20, 0x20, 0x20, 0x20, 0x20, 0x20, 0x20, 
	0x20, 0x20, 0x20, 0x3c, 0x21, 0x2d, 0x2d, 0x23, 0x70, 0x61, 
	0x79, 0x6c, 0x6f, 0x61, 0x64, 0x73, 0x2d, 0x2d, 0x3e, 0xa, 
	0x20, 0x20, 0x20, 0x20, 0x20, 0x20, 0x20, 0x20, 0x20, 0x20, 
	0x20, 0x20, 0x20, 0x20, 0x20, 0x20, 0x3c, 0x2f, 0x73, 0x65, 
	0x6c, 0x65, 0x63, 0x74, 0x3e, 0xa, 0x20, 0x20, 0x20, 0x20, 
	0x20, 0x20, 0x20, 0x20, 0x20, 0x20, 0x20, 0x20, 0x20, 0x20, 
	0x20, 0x20, 0x3c, 0x69, 0x6e, 0x70, 0x75, 0x74, 0x20, 0x74, 
	0x79, 0x70, 0x65, 0x3d, 0x22, 0x73, 0x75, 0x62, 0x6d, 0x69, 
	0x74, 0x22, 0x20, 0x69, 0x64, 0x3d, 0x22, 0x74, 0x72, 0x69, 
	0x67, 0x67, 0x65, 0x72, 0x2d, 0x62, 0x74, 0x6e, 0x22, 0x20, 
	0x76, 0x61, 0x6c, 0x75, 0x65, 0x3d, 0x22, 0x74, 0x72, 0x69, 
	0x67, 0x67, 0x65, 0x72, 0x22, 0x3e, 0xa, 0x20, 0x20, 0x20, 
	0x20, 0x20, 0x20, 0x20, 0x20, 0x20, 0x20, 0x20, 0x20, 0x3c, 
	0x2f, 0x66, 0x6f, 0x72, 0x6d, 0x3e, 0xa, 0x20, 0x20, 0x20, 
	0x20, 0x20, 0x20, 0x20, 0x20, 0x3c, 0x2f, 0x73, 0x65, 0x63, 
	0x74, 0x69, 0x6f, 0x6e, 0x3e, 0xa, 0xa, 0xa, 0x20, 0x20, 
	0x20, 0x20, 0x20, 0x20, 0x20, 0x20, 0x3c, 0x73, 0x65, 0x63, 
	0x74, 0x69, 0x6f, 0x6e, 0x20, 0x69, 0x64, 0x3d, 0x22, 0x75, 
	0x70, 0x6c, 0x6f, 0x61, 0x64, 0x22, 0x3e, 0xa, 0x20, 0x20, 
	0x20, 0x20, 0x20, 0x20, 0x20, 0x20, 0x20, 0x20, 0x20, 0x20, 
	0x3c, 0x68, 0x33, 0x3e, 0x55, 0x70, 0x6c, 0x6f, 0x61, 0x64, 
	0x20, 0x44, 0x75, 0x63, 0x6b, 0x79, 0x20, 0x53, 0x63, 0x72, 
	0x69, 0x70, 0x74, 0x3c, 0x2f, 0x68, 0x33, 0x3e, 0xa, 0x20, 
	0x20, 0x20, 0x20, 0x20, 0x20, 0x20, 0x20, 0x20, 0x20, 0x20, 
	0x20, 0x3c, 0x69, 0x6e, 0x70, 0x75, 0x74, 0x20, 0x74, 0x79, 
	0x70, 0x65, 0x3d, 0x22, 0x66, 0x69, 0x6c, 0x65, 0x22, 0x20, 
	0x6f, 0x6e, 0x63, 0x68, 0x61, 0x6e, 0x67, 0x65, 0x3d, 0x22, 
	0x63, 0x68, 0x65, 0x63, 0x6b, 0x45, 0x78, 0x74, 0x65, 0x6e, 
	0x73, 0x69, 0x6f, 0x6e, 0x28, 0x27, 0x74, 0x78, 0x74, 0x27, 
	0x29, 0x22, 0x20, 0x69, 0x64, 0x3d, 0x22, 0x66, 0x69, 0x6c, 
	0x65, 0x2d, 0x69, 0x6e, 0x70, 0x75, 0x74, 0x22, 0x20, 0x6e, 
	0x61, 0x6d, 0x65, 0x3d, 0x22, 0x66, 0x69, 0x6c, 0x65, 0x6e, 
	0x61, 0x6d, 0x65, 0x22, 0x20, 0x61, 0x63, 0x63, 0x65, 0x70, 
	0x74, 0x3d, 0x22, 0x2e, 0x74, 0x78, 0x74, 0x22, 0x3e, 0xa, 
	0x20, 0x20, 0x20, 0x20, 0x20, 0x20, 0x20, 0x20, 0x20, 0x20, 
	0x20, 0x20, 0x3c, 0x69, 0x6e, 0x70, 0x75, 0x74, 0x20, 0x74, 
	0x79, 0x70, 0x65, 0x3d, 0x22, 0x73, 0x75, 0x62, 0x6d, 0x69, 
	0x74, 0x22, 0x20, 0x69, 0x64, 0x3d, 0x22, 0x75, 0x70, 0x6c, 
	0x6f, 0x61, 0x64, 0x2d, 0x62, 0x74, 0x6e, 0x22, 0x20, 0x76, 
	0x61, 0x6c, 0x75, 0x65, 0x3d, 0x22, 0x75, 0x70, 0x6c, 0x6f, 
	0x61, 0x64, 0x22, 0x3e, 0xa, 0x20, 0x20, 0x20, 0x20, 0x20, 
	0x20, 0x20, 0x20, 0x3c, 0x2f, 0x73, 0x65, 0x63, 0x74, 0x69, 
	0x6f, 0x6e, 0x3e, 0xa, 0xa, 0x20, 0x20, 0x20, 0x20, 0x20, 
	0x20, 0x20, 0x20, 0x3c, 0x73, 0x65, 0x63, 0x74, 0x69, 0x6f, 
	0x6e, 0x3e, 0xa, 0x20, 0x20, 0x20, 0x20, 0x20, 0x20, 0x20, 
	0x20, 0x20, 0x20, 0x20, 0x20, 0x3c, 0x68, 0x33, 0x3e, 0x53, 
	0x65, 0x74, 0x74, 0x69, 0x6e, 0x67, 0x73, 0x3c, 0x2f, 0x68, 
	0x33, 0x3e, 0xa, 0x20, 0x20, 0x20, 0x20, 0x20, 0x20, 0x20, 
	0x20, 0x20, 0x20, 0x20, 0x20, 0x3c, 0x66, 0x6f, 0x72, 0x6d, 
	0x20, 0x61, 0x63, 0x74, 0x69, 0x6f, 0x6e, 0x3d, 0x22, 0x2f, 
	0x73, 0x65, 0x74, 0x74, 0x69, 0x6e, 0x67, 0x73, 0x22, 0x20, 
	0x6d, 0x65, 0x74, 0x68, 0x6f, 0x64, 0x3d, 0x22, 0x50, 0x4f, 
	0x53, 0x54, 0x22, 0x20, 0x65, 0x6e, 0x63, 0x74, 0x79, 0x70, 
	0x65, 0x3d, 0x22, 0x74, 0x65, 0x78, 0x74, 0x2f, 0x70, 0x6c, 
	0x61, 0x69, 0x6e, 0x22, 0x3e, 0xa, 0x20, 0x20, 0x20, 0x20, 
	0x20, 0x20, 0x20, 0x20, 0x20, 0x20, 0x20, 0x20, 0x20, 0x20, 
	0x20, 0x20, 0x3c, 0x6c, 0x61, 0x62, 0x65, 0x6c, 0x20, 0x66, 
	0x6f, 0x72, 0x3d, 0x22, 0x77, 0x73, 0x73, 0x69, 0x64, 0x22, 
	0x3e, 0x57, 0x69, 0x66, 0x69, 0x20, 0x53, 0x53, 0x49, 0x44, 
	0x3c, 0x2f, 0x6c, 0x61, 0x62, 0x65, 0x6c, 0x3e, 0xa, 0x20, 
	0x20, 0x20, 0x20, 0x20, 0x20, 0x20, 0x20, 0x20, 0x20, 0x20, 
	0x20, 0x20, 0x20, 0x20, 0x20, 0x3c, 0x21, 0x2d, 0x2d, 0x23, 
	0x77, 0x73, 0x73, 0x69, 0x64, 0x2d, 0x2d, 0x3e, 0xa, 0x20, 
	0x20, 0x20, 0x20, 0xa, 0x20, 0x20, 0x20, 0x20, 0x20, 0x20, 
	0x20, 0x20, 0x20, 0x20, 0x20, 0x20, 0x20, 0x20, 0x20, 0x20, 
	0x3c, 0x6c, 0x61, 0x62, 0x65, 0x6c, 0x20, 0x66, 0x6f, 0x72, 
	0x3d, 0x22, 0x77, 0x70, 0x61, 0x73, 0x73, 0x22, 0x3e, 0x57, 
	0x69, 0x66, 0x69, 0x20, 0x50, 0x61, 0x73, 0x73, 0x77, 0x6f, 
	0x72, 0x64, 0x3c, 0x2f, 0x6c, 0x61, 0x62, 0x65, 0x6c, 0x3e, 
	0xa, 0x20, 0x20, 0x20, 0x20, 0x20, 0x20, 0x20, 0x20, 0x20, 
	0x20, 0x20, 0x20, 0x20, 0x20, 0x20, 0x20, 0x3c, 0x21, 0x2d, 
	0x2d, 0x23, 0x77, 0x70, 0x61, 0x73, 0x73, 0x2d, 0x2d, 0x3e, 
	0xa, 0x20, 0x20, 0x20, 0x20, 0xa, 0x20, 0x20, 0x20, 0x20, 
	0x20, 0x20, 0x20, 0x20, 0x20, 0x20, 0x20, 0x20, 0x20, 0x20, 
	0x20, 0x20, 0x3c, 0x6c, 0x61, 0x62, 0x65, 0x6c, 0x20, 0x66, 
	0x6f, 0x72, 0x3d, 0x22, 0x70, 0x6e, 0x61, 0x6d, 0x65, 0x22, 
	0x3e, 0x50, 0x61, 0x79, 0x6c, 0x6f, 0x61, 0x64, 0x20, 0x4e, 
	0x61, 0x6d, 0x65, 0x3c, 0x2f, 0x6c, 0x61, 0x62, 0x65, 0x6c, 
	0x3e, 0xa, 0x20, 0x20, 0x20, 0x20, 0x20, 0x20, 0x20, 0x20, 
	0x20, 0x20, 0x20, 0x20, 0x20, 0x20, 0x20, 0x20, 0x3c, 0x21, 
	0x2d, 0x2d, 0x23, 0x70, 0x6e, 0x61, 0x6d, 0x65, 0x2d, 0x2d, 
	0x3e, 0xa, 0xa, 0x20, 0x20, 0x20, 0x20, 0x20, 0x20, 0x20, 
	0x20, 0x20, 0x20, 0x20, 0x20, 0x20, 0x20, 0x20, 0x20, 0x3c, 
	0x69, 0x6e, 0x70, 0x75, 0x74, 0x20, 0x74, 0x79, 0x70, 0x65, 
	0x3d, 0x22, 0x73, 0x75, 0x62, 0x6d, 0x69, 0x74, 0x22, 0x20, 
	0x76, 0x61, 0x6c, 0x75, 0x65, 0x3d, 0x22, 0x73, 0x75, 0x62, 
	0x6d, 0x69, 0x74, 0x22, 0x3e, 0xa, 0x20, 0x20, 0x20, 0x20, 
	0x20, 0x20, 0x20, 0x20, 0x20, 0x20, 0x20, 0x20, 0x3c, 0x2f, 
	0x66, 0x6f, 0x72, 0x6d, 0x3e, 0xa, 0x20, 0x20, 0x20, 0x20, 
	0x20, 0x20, 0x20, 0x20, 0x3c, 0x2f, 0x73, 0x65, 0x63, 0x74, 
	0x69, 0x6f, 0x6e, 0x3e, 0xa, 0xa, 0x20, 0x20, 0x20, 0x20, 
	0x3c, 0x2f, 0x6d, 0x61, 0x69, 0x6e, 0x3e, 0xa, 0xa, 0x20, 
	0x20, 0x20, 0x20, 0x3c, 0x73, 0x63, 0x72, 0x69, 0x70, 0x74, 
	0x3e, 0xa, 0x20, 0x20, 0x20, 0x20, 0x20, 0x20, 0x20, 0x20, 
	0x63, 0x6f, 0x6e, 0x73, 0x74, 0x20, 0x70, 0x61, 0x79, 0x6c, 
	0x6f, 0x61, 0x64, 0x4c, 0x69, 0x73, 0x74, 0x20, 0x3d, 0x20, 
	0x64, 0x6f, 0x63, 0x75, 0x6d, 0x65, 0x6e, 0x74, 0x2e, 0x67, 
	0x65, 0x74, 0x45, 0x6c, 0x65, 0x6d, 0x65, 0x6e, 0x74, 0x42, 
	0x79, 0x49, 0x64, 0x28, 0x22, 0x70, 0x61, 0x79, 0x6c, 0x6f, 
	0x61, 0x64, 0x2d, 0x6c, 0x69, 0x73, 0x74, 0x22, 0x29, 0x3b, 
	0xa, 0x20, 0x20, 0x20, 0x20, 0x20, 0x20, 0x20, 0x20, 0x63, 
	0x6f, 0x6e, 0x73, 0x74, 0x20, 0x75, 0x70, 0x6c, 0x6f, 0x61, 
	0x64, 0x42, 0x74, 0x6e, 0x20, 0x3d, 0x20, 0x64, 0x6f, 0x63, 
	0x75, 0x6d, 0x65, 0x6e, 0x74, 0x2e, 0x67, 0x65, 0x74, 0x45, 
	0x6c, 0x65, 0x6d, 0x65, 0x6e, 0x74, 0x42, 0x79, 0x49, 0x64, 
	0x28, 0x22, 0x75, 0x70, 0x6c, 0x6f, 0x61, 0x64, 0x2d, 0x62, 
	0x74, 0x6e, 0x22, 0x29, 0x3b, 0xa, 0x20, 0x20, 0x20, 0x20, 
	0x20, 0x20, 0x20, 0x20, 0x63, 0x6f, 0x6e, 0x73, 0x74, 0x20, 
	0x66, 0x69, 0x6c, 0x65, 0x49, 0x6e, 0x70, 0x75, 0x74, 0x20, 
	0x3d, 0x20, 0x64, 0x6f, 0x63, 0x75, 0x6d, 0x65, 0x6e, 0x74, 
	0x2e, 0x67, 0x65, 0x74, 0x45, 0x6c, 0x65, 0x6d, 0x65, 0x6e, 
	0x74, 0x42, 0x79, 0x49, 0x64, 0x28, 0x22, 0x66, 0x69, 0x6c, 
	0x65, 0x2d, 0x69, 0x6e, 0x70, 0x75, 0x74, 0x22, 0x29, 0xa, 
	0xa, 0x20, 0x20, 0x20, 0x20, 0x20, 0x20, 0x20, 0x20, 0x63, 
	0x6f, 0x6e, 0x73, 0x74, 0x20, 0x67, 0x65, 0x74, 0x45, 0x78, 
	0x74, 0x65, 0x6e, 0x73, 0x69, 0x6f, 0x6e, 0x20, 0x3d, 0x20, 
	0x28, 0x66, 0x69, 0x6c, 0x65, 0x6e, 0x61, 0x6d, 0x65, 0x29, 
	0x20, 0x3d, 0x3e, 0x20, 0x66, 0x69, 0x6c, 0x65, 0x6e, 0x61, 
	0x6d, 0x65, 0x2e, 0x73, 0x70, 0x6c, 0x69, 0x74, 0x28, 0x22, 
	0x2e, 0x22, 0x29, 0x2e, 0x70, 0x6f, 0x70, 0x28, 0x29, 0x3b, 
	0xa, 0xa, 0x20, 0x20, 0x20, 0x20, 0x20, 0x20, 0x20, 0x20, 
	0x63, 0x6f, 0x6e, 0x73, 0x74, 0x20, 0x63, 0x68, 0x65, 0x63, 
	0x6b, 0x45, 0x78, 0x74, 0x65, 0x6e, 0x73, 0x69, 0x6f, 0x6e, 
	0x20, 0x3d, 0x20, 0x28, 0x65, 0x78, 0x74, 0x65, 0x6e, 0x73, 
	0x69, 0x6f, 0x6e, 0x29, 0x20, 0x3d, 0x3e, 0x20, 0x7b, 0x20, 
	0x69, 0x66, 0x28, 0x21, 0x28, 0x67, 0x65, 0x74, 0x45, 0x78, 
	0x74, 0x65, 0x6e, 0x73, 0x69, 0x6f, 0x6e, 0x28, 0x66, 0x69, 
	0x6c, 0x65, 0x49, 0x6e, 0x70, 0x75, 0x74, 0x2e, 0x66, 0x69, 
	0x6c, 0x65, 0x73, 0x5b, 0x30, 0x5d, 0x2e, 0x6e, 0x61, 0x6d, 
	0x65, 0x29, 0x20, 0x3d, 0x3d, 0x3d, 0x20, 0x65, 0x78, 0x74, 
	0x65, 0x6e, 0x73, 0x69, 0x6f, 0x6e, 0x29, 0x29, 0x20, 0x66, 
	0x69, 0x6c, 0x65, 0x49, 0x6e, 0x70, 0x75, 0x74, 0x2e, 0x76, 
	0x61, 0x6c, 0x75, 0x65, 0x20, 0x3d, 0x20, 0x20, 0x22, 0x22, 
	0x7d, 0xa, 0x20, 0x20, 0x20, 0x20, 0x20, 0x20, 0x20, 0x20, 
	0xa, 0x20, 0x20, 0x20, 0x20, 0x20, 0x20, 0x20, 0x20, 0x61, 
	0x73, 0x79, 0x6e, 0x63, 0x20, 0x66, 0x75, 0x6e, 0x63, 0x74, 
	0x69, 0x6f, 0x6e, 0x20, 0x20, 0x70, 0x6f, 0x73, 0x74, 0x28, 
	0x29, 0x20, 0x7b, 0xa, 0x20, 0x20, 0x20, 0x20, 0x20, 0x20, 
	0x20, 0x20, 0x20, 0x20, 0x20, 0x20, 0x69, 0x66, 0x20, 0x28, 
	0x21, 0x66, 0x69, 0x6c, 0x65, 0x49, 0x6e, 0x70, 0x75, 0x74, 
	0x2e, 0x66, 0x69, 0x6c, 0x65, 0x73, 0x5b, 0x30, 0x5d, 0x29, 
	0x20, 0x72, 0x65, 0x74, 0x75, 0x72, 0x6e, 0x3b, 0xa, 0xa, 
	0x20, 0x20, 0x20, 0x20, 0x20, 0x20, 0x20, 0x20, 0x20, 0x20, 
	0x20, 0x20, 0x6c, 0x65, 0x74, 0x20, 0x72, 0x65, 0x73, 0x20, 
	0x3d, 0x20, 0x61, 0x77, 0x61, 0x69, 0x74, 0x20, 0x66, 0x65, 
	0x74, 0x63, 0x68, 0x28, 0x60, 0x68, 0x74, 0x74, 0x70, 0x3a, 
	0x2f, 0x2f, 0x24, 0x7b, 0x77, 0x69, 0x6e, 0x64, 0x6f, 0x77, 
	0x2e, 0x6c, 0x6f, 0x63, 0x61, 0x74, 0x69, 0x6f, 0x6e, 0x2e, 
	0x68, 0x6f, 0x73, 0x74, 0x7d, 0x2f, 0x75, 0x70, 0x6c, 0x6f, 
	0x61, 0x64, 0x60, 0x2c, 0x20, 0x7b, 0xa, 0x20, 0x20, 0x20, 
	0x20, 0x20, 0x20, 0x20, 0x20, 0x20, 0x20, 0x20, 0x20, 0x22, 
	0x63, 0x72, 0x65, 0x64, 0x65, 0x6e, 0x74, 0x69, 0x61, 0x6c, 
	0x73, 0x22, 0x3a, 0x20, 0x22, 0x6f, 0x6d, 0x69, 0x74, 0x22, 
	0x2c, 0xa, 0x20, 0x20, 0x20, 0x20, 0x20, 0x20, 0x20, 0x20, 
	0x20, 0x20, 0x20, 0x20, 0x22, 0x68, 0x65, 0x61, 0x64, 0x65, 
	0x72, 0x73, 0x22, 0x3a, 0x20, 0x7b, 0xa, 0x20, 0x20, 0x20, 
	0x20, 0x20, 0x20, 0x20, 0x20, 0x20, 0x20, 0x20, 0x20, 0x20, 
	0x20, 0x20, 0x20, 0x22, 0x55, 0x73, 0x65, 0x72, 0x2d, 0x41, 
	0x67, 0x65, 0x6e, 0x74, 0x22, 0x3a, 0x20, 0x22, 0x46, 0x69, 
	0x72, 0x65, 0x66, 0x6f, 0x78, 0x2f, 0x31, 0x30, 0x36, 0x2e, 
	0x30, 0x22, 0x2c, 0xa, 0x20, 0x20, 0x20, 0x20, 0x20, 0x20, 
	0x20, 0x20, 0x20, 0x20, 0x20, 0x20, 0x20, 0x20, 0x20, 0x20, 
	0x22, 0x41, 0x63, 0x63, 0x65, 0x70, 0x74, 0x22, 0x3a, 0x20, 
	0x22, 0x74, 0x65, 0x78, 0x74, 0x2f, 0x68, 0x74, 0x6d, 0x6c, 
	0x22, 0x2c, 0xa, 0x20, 0x20, 0x20, 0x20, 0x20, 0x20, 0x20, 
	0x20, 0x20, 0x20, 0x20, 0x20, 0x20, 0x20, 0x20, 0x20, 0x22, 
	0x41, 0x63, 0x63, 0x65, 0x70, 0x74, 0x2d, 0x4c, 0x61, 0x6e, 
	0x67, 0x75, 0x61, 0x67, 0x65, 0x22, 0x3a, 0x20, 0x22, 0x65, 
	0x6e, 0x2d, 0x55, 0x53, 0x2c, 0x65, 0x6e, 0x3b, 0x71, 0x3d, 
	0x30, 0x2e, 0x35, 0x22, 0x2c, 0xa, 0x20, 0x20, 0x20, 0x20, 
	0x20, 0x20, 0x20, 0x20, 0x20, 0x20, 0x20, 0x20, 0x20, 0x20, 
	0x20, 0x20, 0x22, 0x43, 0x6f, 0x6e, 0x74, 0x65, 0x6e, 0x74, 
	0x2d, 0x54, 0x79, 0x70, 0x65, 0x22, 0x3a, 0x20, 0x22, 0x74, 
	0x65, 0x78, 0x74, 0x2f, 0x70, 0x6c, 0x61, 0x69, 0x6e, 0x22, 
	0x2c, 0xa, 0x20, 0x20, 0x20, 0x20, 0x20, 0x20, 0x20, 0x20, 
	0x20, 0x20, 0x20, 0x20, 0x20, 0x20, 0x20, 0x20, 0x22, 0x55, 
	0x70, 0x67, 0x72, 0x61, 0x64, 0x65, 0x2d, 0x49, 0x6e, 0x73, 
	0x65, 0x63, 0x75, 0x72, 0x65, 0x2d, 0x52, 0x65, 0x71, 0x75, 
	0x65, 0x73, 0x74, 0x73, 0x22, 0x3a, 0x20, 0x22, 0x31, 0x22, 
	0x2c, 0xa, 0x20, 0x20, 0x20, 0x20, 0x20, 0x20, 0x20, 0x20, 
	0x20, 0x20, 0x20, 0x20, 0x20, 0x20, 0x20, 0x20, 0x22, 0x66, 
	0x6e, 0x61, 0x6d, 0x65, 0x22, 0x3a, 0x20, 0x60, 0x26, 0x24, 
	0x7b, 0x66, 0x69, 0x6c, 0x65, 0x49, 0x6e, 0x70, 0x75, 0x74, 
	0x2e, 0x66, 0x69, 0x6c, 0x65, 0x73, 0x5b, 0x30, 0x5d, 0x3f, 
	0x2e, 0x6e, 0x61, 0x6d, 0x65, 0x7d, 0x26, 0x60, 0xa, 0x20, 
	0x20, 0x20, 0x20, 0x20, 0x20, 0x20, 0x20, 0x20, 0x20, 0x20, 
	0x20, 0x7d, 0x2c, 0xa, 0x20, 0x20, 0x20, 0x20, 0x20, 0x20, 
	0x20, 0x20, 0x20, 0x20, 0x20, 0x20, 0x22, 0x72, 0x65, 0x66, 
	0x65, 0x72, 0x72, 0x65, 0x72, 0x22, 0x3a, 0x20, 0x60, 0x68, 
	0x74, 0x74, 0x70, 0x3a, 0x2f, 0x2f, 0x24, 0x7b, 0x77, 0x69, 
	0x6e, 0x64, 0x6f, 0x77, 0x2e, 0x6c, 0x6f, 0x63, 0x61, 0x74, 
	0x69, 0x6f, 0x6e, 0x2e, 0x68, 0x6f, 0x73, 0x74, 0x7d, 0x2f, 
	0x69, 0x6e, 0x64, 0x65, 0x78, 0x2e, 0x73, 0x68, 0x74, 0x6d, 
	0x6c, 0x60, 0x2c, 0xa, 0x20, 0x20, 0x20, 0x20, 0x20, 0x20, 
	0x20, 0x20, 0x20, 0x20, 0x20, 0x20, 0x22, 0x62, 0x6f, 0x64, 
	0x79, 0x22, 0x3a, 0x20, 0x66, 0x69, 0x6c, 0x65, 0x49, 0x6e, 
	0x70, 0x75, 0x74, 0x2e, 0x66, 0x69, 0x6c, 0x65, 0x73, 0x5b, 
	0x30, 0x5d, 0x2c, 0xa, 0x20, 0x20, 0x20, 0x20, 0x20, 0x20, 
	0x20, 0x20, 0x20, 0x20, 0x20, 0x20, 0x22, 0x6d, 0x65, 0x74, 
	0x68, 0x6f, 0x64, 0x22, 0x3a, 0x20, 0x22, 0x50, 0x4f, 0x53, 
	0x54, 0x22, 0x2c, 0xa, 0x20, 0x20, 0x20, 0x20, 0x20, 0x20, 
	0x20, 0x20, 0x20, 0x20, 0x20, 0x20, 0x22, 0x6d, 0x6f, 0x64, 
	0x65, 0x22, 0x3a, 0x20, 0x22, 0x63, 0x6f, 0x72, 0x73, 0x22, 
	0xa, 0x20, 0x20, 0x20, 0x20, 0x20, 0x20, 0x20, 0x20, 0x20, 
	0x20, 0x20, 0x20, 0x7d, 0x29, 0x3b, 0xa, 0x20, 0x20, 0x20, 
	0x20, 0x20, 0x20, 0x20, 0x20, 0x20, 0x20, 0x20, 0x20, 0xa, 
	0x20, 0x20, 0x20, 0x20, 0x20, 0x20, 0x20, 0x20, 0x20, 0x20, 
	0x20, 0x20, 0x72, 0x65, 0x74, 0x75, 0x72, 0x6e, 0x20, 0x72, 
	0x65, 0x73, 0x3b, 0xa, 0x20, 0x20, 0x20, 0x20, 0x20, 0x20, 
	0x20, 0x20, 0x7d, 0xa, 0xa, 0x20, 0x20, 0x20, 0x20, 0x20, 
	0x20, 0x20, 0x20, 0x64, 0x6f, 0x63, 0x75, 0x6d, 0x65, 0x6e, 
	0x74, 0x2e, 0x61, 0x64, 0x64, 0x45, 0x76, 0x65, 0x6e, 0x74, 
	0x4c, 0x69, 0x73, 0x74, 0x65, 0x6e, 0x65, 0x72, 0x28, 0x22, 
	0x44, 0x4f, 0x4d, 0x43, 0x6f, 0x6e, 0x74, 0x65, 0x6e, 0x74, 
	0x4c, 0x6f, 0x61, 0x64, 0x65, 0x64, 0x22, 0x2c, 0x20, 0x66, 
	0x75, 0x6e, 0x63, 0x74, 0x69, 0x6f, 0x6e, 0x28, 0x65, 0x76, 
	0x65, 0x6e, 0x74, 0x29, 0x20, 0x7b, 0xa, 0x20, 0x20, 0x20, 
	0x20, 0x20, 0x20, 0x20, 0x20, 0x20, 0x20, 0x20, 0x20, 0x75, 
	0x70, 0x6c, 0x6f, 0x61, 0x64, 0x42, 0x74, 0x6e, 0x2e, 0x61, 
	0x64, 0x64, 0x45, 0x76, 0x65, 0x6e, 0x74, 0x4c, 0x69, 0x73, 
	0x74, 0x65, 0x6e, 0x65, 0x72, 0x28, 0x22, 0x63, 0x6c, 0x69, 
	0x63, 0x6b, 0x22, 0x2c, 0x20, 0x70, 0x6f, 0x73, 0x74, 0x29, 
	0x3b, 0xa, 0x20, 0x20, 0x20, 0x20, 0x20, 0x20, 0x20, 0x20, 
	0x20, 0x20, 0x20, 0x20, 0x20, 0x20, 0x20, 0x20, 0x70, 0x61, 
	0x79, 0x6c, 0x6f, 0x61, 0x64, 0x4c, 0x69, 0x73, 0x74, 0x2e, 
	0x69, 0x6e, 0x6e, 0x65, 0x72, 0x48, 0x54, 0x4d, 0x4c, 0x20, 
	0x3d, 0x20, 0x70, 0x61, 0x79, 0x6c, 0x6f, 0x61, 0x64, 0x4c, 
	0x69, 0x73, 0x74, 0x2e, 0x69, 0x6e, 0x6e, 0x65, 0x72, 0x48, 
	0x54, 0x4d, 0x4c, 0x2e, 0x73, 0x70, 0x6c, 0x69, 0x74, 0x28, 
	0x22, 0x2e, 0x74, 0x78, 0x74, 0x22, 0x29, 0x2e, 0x6d, 0x61, 
	0x70, 0x28, 0x28, 0x65, 0x29, 0x20, 0x3d, 0x3e, 0x20, 0x60, 
	0x3c, 0x6f, 0x70, 0x74, 0x69, 0x6f, 0x6e, 0x20, 0x76, 0x61, 
	0x6c, 0x75, 0x65, 0x3d, 0x22, 0x24, 0x7b, 0x65, 0x2e, 0x74, 
	0x72, 0x69, 0x6d, 0x28, 0x29, 0x7d, 0x22, 0x3e, 0x24, 0x7b, 
	0x65, 0x2e, 0x74, 0x72, 0x69, 0x6d, 0x28, 0x29, 0x7d, 0x3c, 
	0x2f, 0x6f, 0x70, 0x74, 0x69, 0x6f, 0x6e, 0x3e, 0x60, 0x29, 
	0x2e, 0x6a, 0x6f, 0x69, 0x6e, 0x28, 0x22, 0x22, 0x29, 0xa, 
	0x20, 0x20, 0x20, 0x20, 0x20, 0x20, 0x20, 0x20, 0x7d, 0x29, 
	0x3b, 0xa, 0x20, 0x20, 0x20, 0x20, 0x3c, 0x2f, 0x73, 0x63, 
	0x72, 0x69, 0x70, 0x74, 0x3e, 0xa, 0x3c, 0x2f, 0x62, 0x6f, 
	0x64, 0x79, 0x3e, 0xa, 0x3c, 0x2f, 0x68, 0x74, 0x6d, 0x6c, 
	0x3e, };

static const unsigned char data_ssi_shtml[] = {
	/* /ssi.shtml */
	0x2f, 0x73, 0x73, 0x69, 0x2e, 0x73, 0x68, 0x74, 0x6d, 0x6c, 0,
	0x48, 0x54, 0x54, 0x50, 0x2f, 0x31, 0x2e, 0x30, 0x20, 0x32, 
	0x30, 0x30, 0x20, 0x4f, 0x4b, 0xd, 0xa, 0x53, 0x65, 0x72, 
	0x76, 0x65, 0x72, 0x3a, 0x20, 0x6c, 0x77, 0x49, 0x50, 0x2f, 
	0x70, 0x72, 0x65, 0x2d, 0x30, 0x2e, 0x36, 0x20, 0x28, 0x68, 
	0x74, 0x74, 0x70, 0x3a, 0x2f, 0x2f, 0x77, 0x77, 0x77, 0x2e, 
	0x73, 0x69, 0x63, 0x73, 0x2e, 0x73, 0x65, 0x2f, 0x7e, 0x61, 
	0x64, 0x61, 0x6d, 0x2f, 0x6c, 0x77, 0x69, 0x70, 0x2f, 0x29, 
	0xd, 0xa, 0x43, 0x6f, 0x6e, 0x74, 0x65, 0x6e, 0x74, 0x2d, 
	0x74, 0x79, 0x70, 0x65, 0x3a, 0x20, 0x74, 0x65, 0x78, 0x74, 
	0x2f, 0x68, 0x74, 0x6d, 0x6c, 0xd, 0xa, 0xd, 0xa, 0x3c, 
	0x21, 0x44, 0x4f, 0x43, 0x54, 0x59, 0x50, 0x45, 0x20, 0x68, 
	0x74, 0x6d, 0x6c, 0x3e, 0xa, 0x3c, 0x68, 0x74, 0x6d, 0x6c, 
	0x3e, 0xa, 0x20, 0x20, 0x20, 0x20, 0x3c, 0x68, 0x65, 0x61, 
	0x64, 0x3e, 0x20, 0x3c, 0x74, 0x69, 0x74, 0x6c, 0x65, 0x3e, 
	0x50, 0x69, 0x63, 0x6f, 0x20, 0x57, 0x3c, 0x2f, 0x74, 0x69, 
	0x74, 0x6c, 0x65, 0x3e, 0x20, 0x3c, 0x2f, 0x68, 0x65, 0x61, 
	0x64, 0x3e, 0xa, 0x20, 0x20, 0x20, 0x20, 0x3c, 0x62, 0x6f, 
	0x64, 0x79, 0x3e, 0x20, 0x3c, 0x68, 0x31, 0x3e, 0x50, 0x69, 
	0x63, 0x6f, 0x20, 0x57, 0x3c, 0x2f, 0x68, 0x31, 0x3e, 0xa, 
	0x20, 0x20, 0x20, 0x20, 0x20, 0x20, 0x20, 0x20, 0x3c, 0x70, 
	0x3e, 0x3c, 0x21, 0x2d, 0x2d, 0x23, 0x48, 0x65, 0x6c, 0x6c, 
	0x6f, 0x2d, 0x2d, 0x3e, 0x20, 0x54, 0x69, 0x6d, 0x65, 0x73, 
	0x20, 0x3c, 0x21, 0x2d, 0x2d, 0x23, 0x63, 0x6f, 0x75, 0x6e, 
	0x74, 0x65, 0x72, 0x2d, 0x2d, 0x3e, 0x21, 0x3c, 0x2f, 0x70, 
	0x3e, 0xa, 0x20, 0x20, 0x20, 0x20, 0x20, 0x20, 0x20, 0x20, 
	0x3c, 0x70, 0x3e, 0x47, 0x50, 0x49, 0x4f, 0x32, 0x36, 0x31, 
	0x20, 0x76, 0x6f, 0x6c, 0x74, 0x61, 0x67, 0x65, 0x20, 0x69, 
	0x73, 0x3a, 0x20, 0x3c, 0x21, 0x2d, 0x2d, 0x23, 0x47, 0x50, 
	0x49, 0x4f, 0x2d, 0x2d, 0x3e, 0x21, 0x3c, 0x2f, 0x70, 0x3e, 
	0xa, 0x20, 0x20, 0x20, 0x20, 0x3c, 0x2f, 0x62, 0x6f, 0x64, 
	0x79, 0x3e, 0xa, 0x3c, 0x2f, 0x68, 0x74, 0x6d, 0x6c, 0x3e, 
};

const struct fsdata_file file_favicon_ico[] = {{NULL, data_favicon_ico, data_favicon_ico + 13, sizeof(data_favicon_ico) - 13, FS_FILE_FLAGS_HEADER_INCLUDED | FS_FILE_FLAGS_HEADER_PERSISTENT}};

const struct fsdata_file file_fonts_Minecraft_ttf[] = {{file_favicon_ico, data_fonts_Minecraft_ttf, data_fonts_Minecraft_ttf + 21, sizeof(data_fonts_Minecraft_ttf) - 21, FS_FILE_FLAGS_HEADER_INCLUDED | FS_FILE_FLAGS_HEADER_PERSISTENT}};

const struct fsdata_file file_index_shtml[] = {{file_fonts_Minecraft_ttf, data_index_shtml, data_index_shtml + 13, sizeof(data_index_shtml) - 13, FS_FILE_FLAGS_HEADER_INCLUDED | FS_FILE_FLAGS_HEADER_PERSISTENT}};

const struct fsdata_file file_ssi_shtml[] = {{file_index_shtml, data_ssi_shtml, data_ssi_shtml + 11, sizeof(data_ssi_shtml) - 11, FS_FILE_FLAGS_HEADER_INCLUDED | FS_FILE_FLAGS_HEADER_PERSISTENT}};

#define FS_ROOT file_ssi_shtml

#define FS_NUMFILES 4
